<?xml version="1.0" encoding="UTF-8"?>
<xml><records><record><database name="MyLibrary">MyLibrary</database><source-app name="Zotero">Zotero</source-app><ref-type name="Journal Article">17</ref-type><contributors><authors><author>Gile, Krista J.</author><author>Handcock, Mark S.</author></authors></contributors><titles><title>Network model-assisted inference from respondent-driven sampling data</title><secondary-title>Journal of the Royal Statistical Society: Series A (Statistics in Society)</secondary-title></titles><periodical><full-title>Journal of the Royal Statistical Society: Series A (Statistics in Society)</full-title></periodical><pages>619-639</pages><volume>178</volume><number>3</number><issue>3</issue><keywords><keyword>Social networks</keyword><keyword>_tablet</keyword><keyword>RDS</keyword><keyword>Network sampling</keyword><keyword>Hard-to-reach population sampling</keyword><keyword>Exponential family random graph model</keyword><keyword>Link tracing</keyword></keywords><dates><year>2015</year><pub-dates><date>2015</date></pub-dates></dates><isbn>1467-985X</isbn><electronic-resource-num>10.1111/rssa.12091</electronic-resource-num><abstract>Respondent-driven sampling is a widely used method for sampling hard-to-reach human populations by link tracing over their social networks. Inference from such data requires specialized techniques because the sampling process is both partially beyond the control of the researcher, and partially implicitly defined. Therefore, it is not generally possible to compute the sampling weights for traditional design-based inference directly, and likelihood inference requires modelling the complex sampling process. As an alternative, we introduce a model-assisted approach, resulting in a design-based estimator leveraging a working network model. We derive a new class of estimators for population means and a corresponding bootstrap standard error estimator. We demonstrate improved performance compared with existing estimators, including adjustment for an initial convenience sample. We also apply the method and an extension to the estimation of the prevalence of human immunodeficiency virus in a high-risk population.</abstract><remote-database-name>Wiley Online Library</remote-database-name><language>en</language><urls><web-urls><url>http://onlinelibrary.wiley.com/doi/abs/10.1111/rssa.12091</url></web-urls><pdf-urls><url>/Users/sm38679/Zotero/storage/GUQ9H4ZA/Gile and Handcock - 2015 - Network model-assisted inference from respondent-driven.pdf</url></pdf-urls><text-urls><url>/Users/sm38679/Zotero/storage/NCTLDTQS/rssa.html</url></text-urls></urls><access-date>2022-12-17 11:52:36</access-date></record><record><database name="MyLibrary">MyLibrary</database><source-app name="Zotero">Zotero</source-app><ref-type name="Journal Article">17</ref-type><contributors><authors><author>McCreesh, Nicky</author><author>Frost, Simon D. W.</author><author>Seeley, Janet</author><author>Katongole, Joseph</author><author>Tarsh, Matilda N.</author><author>Ndunguse, Richard</author><author>Jichi, Fatima</author><author>Lunel, Natasha L.</author><author>Maher, Dermot</author><author>Johnston, Lisa G.</author><author>Sonnenberg, Pam</author><author>Copas, Andrew J.</author><author>Hayes, Richard J.</author><author>White, Richard G.</author></authors></contributors><titles><title>Evaluation of respondent-driven sampling</title><secondary-title>Epidemiology</secondary-title></titles><periodical><full-title>Epidemiology</full-title></periodical><pages>138-147</pages><volume>23</volume><number>1</number><issue>1</issue><keywords><keyword>RDS</keyword><keyword>Hidden population sampling</keyword></keywords><dates><year>2012</year><pub-dates><date>2012</date></pub-dates></dates><isbn>1044-3983</isbn><abstract>Background: Respondent-driven sampling is a novel variant of link-tracing sampling for estimating the characteristics of hard-to-reach groups, such as HIV prevalence in sex workers. Despite its use by leading health organizations, the performance of this method in realistic situations is still largely unknown. We evaluated respondent-driven sampling by comparing estimates from a respondent-driven sampling survey with total population data. Methods: Total population data on age, tribe, religion, socioeconomic status, sexual activity, and HIV status were available on a population of 2402 male household heads from an open cohort in rural Uganda. A respondent-driven sampling (RDS) survey was carried out in this population, using current methods of sampling (RDS sample) and statistical inference (RDS estimates). Analyses were carried out for the full RDS sample and then repeated for the first 250 recruits (small sample). Results: We recruited 927 household heads. Full and small RDS samples were largely representative of the total population, but both samples underrepresented men who were younger, of higher socio-economic status, and with unknown sexual activity and HIV status. Respondent-driven sampling statistical inference methods failed to reduce these biases. Only 31%—37% (depending on method and sample size) of RDS estimates were closer to the true population proportions than the RDS sample proportions. Only 50%—74% of respondent-driven sampling bootstrap 95% confidence intervals included the population proportion. Conclusions: Respondent-driven sampling produced a generally representative sample of this well-connected nonhidden population. However, current respondent-driven sampling inference methods failed to reduce bias when it occurred. Whether the data required to remove bias and measure precision can be collected in a respondent-driven sampling survey is unresolved. Respondent-driven sampling should be regarded as a (potentially superior) form of convenience sampling method, and caution is required when interpreting findings based on the sampling method.</abstract><remote-database-name>JSTOR</remote-database-name><urls><web-urls><url>https://www.jstor.org/stable/23214188</url></web-urls><pdf-urls><url>/Users/sm38679/Zotero/storage/RGQ6JTIC/McCreesh et al - 2012 - Evaluation of Respondent-driven Sampling.pdf</url></pdf-urls></urls><access-date>2023-04-25 11:34:42</access-date></record><record><database name="MyLibrary">MyLibrary</database><source-app name="Zotero">Zotero</source-app><ref-type name="Journal Article">17</ref-type><contributors><authors><author>Gile, Krista J.</author><author>Beaudry, Isabelle S.</author><author>Handcock, Mark S.</author><author>Ott, Miles Q.</author></authors></contributors><titles><title>Methods for inference from respondent-driven sampling data</title><secondary-title>Annual Review of Statistics and Its Application</secondary-title></titles><periodical><full-title>Annual Review of Statistics and Its Application</full-title><abbr-1>Annu. Rev. Stat. Appl.</abbr-1></periodical><pages>65-93</pages><volume>5</volume><number>1</number><issue>1</issue><keywords><keyword>_tablet</keyword><keyword>inference</keyword><keyword>RDS</keyword></keywords><dates><year>2018</year><pub-dates><date>2018-03-07</date></pub-dates></dates><isbn>2326-8298, 2326-831X</isbn><electronic-resource-num>10.1146/annurev-statistics-031017-100704</electronic-resource-num><abstract>Respondent-driven sampling is a commonly used method for sampling from hard-to-reach human populations connected by an underlying social network of relations. Beginning with a convenience sample, participants pass coupons to invite their contacts to join the sample. Although the method is often effective at attaining large and varied samples, its reliance on convenience samples, social network contacts, and participant decisions makes it subject to a large number of statistical concerns. This article reviews inferential methods available for data collected by respondent-driven sampling.</abstract><remote-database-name>DOI.org (Crossref)</remote-database-name><language>en</language><urls><web-urls><url>https://www.annualreviews.org/doi/10.1146/annurev-statistics-031017-100704</url></web-urls><pdf-urls><url>/Users/sm38679/Zotero/storage/HZHL4KJN/Gile et al - 2018 - Methods for Inference from Respondent-Driven Sampling.pdf</url></pdf-urls></urls><access-date>2023-04-25 11:48:00</access-date></record><record><database name="MyLibrary">MyLibrary</database><source-app name="Zotero">Zotero</source-app><ref-type name="Journal Article">17</ref-type><contributors><authors><author>Vincent, Kyle</author><author>Thompson, Steve</author></authors></contributors><titles><title>Estimating population size with link-tracing sampling</title><secondary-title>Journal of the American Statistical Association</secondary-title></titles><periodical><full-title>Journal of the American Statistical Association</full-title></periodical><pages>1286-1295</pages><volume>112</volume><number>519</number><issue>519</issue><keywords><keyword>_tablet</keyword><keyword>Design-based inference</keyword><keyword>Hidden population sampling</keyword><keyword>Population size estimation</keyword><keyword>Adaptive sampling</keyword><keyword>Mark-recapture</keyword><keyword>Rao–Blackwell method</keyword><keyword>Unknown population size</keyword></keywords><dates><year>2017</year><pub-dates><date>2017-07-03</date></pub-dates></dates><isbn>0162-1459</isbn><electronic-resource-num>10.1080/01621459.2016.1212712</electronic-resource-num><abstract>We present a new design and method for estimating the size of a hidden population best reached through a link-tracing design. The design is based on selecting initial samples at random and then adaptively tracing links to add new members. The inferential procedure involves the Rao–Blackwell theorem applied to a sufficient statistic markedly different from the usual one that arises in sampling from a finite population. The strategy involves a combination of link-tracing and mark-recapture estimation methods. An empirical application is described. The result demonstrates that the strategy can efficiently incorporate adaptively selected members of the sample into the inferential procedure. Supplementary materials for this article are available online.</abstract><research-notes><style face="bold">Extracted Annotations (27/10/2023, 16:05:40)</style><style face="normal">&#xD;&#xD;"link-tracing design" (Vincent and Thompson 2017:1287)&#xD;&#xD;"design-based" (Vincent and Thompson 2017:1287)&#xD;&#xD;"inference" (Vincent and Thompson 2017:1287)&#xD;&#xD;"w ij" (Vincent and Thompson 2017:1288)&#xD;&#xD;"strength of the relationship" (Vincent and Thompson 2017:1288)&#xD;&#xD;"Step 0" (Vincent and Thompson 2017:1288)&#xD;&#xD;"Step t" (Vincent and Thompson 2017:1288)&#xD;&#xD;"M t" (Vincent and Thompson 2017:1288)&#xD;&#xD;"s k,t" (Vincent and Thompson 2017:1288)&#xD;&#xD;"order within samples of subsequently selected units" (Vincent and Thompson 2017:1289)&#xD;&#xD;"sample selection procedure" (Vincent and Thompson 2017:1289)&#xD;&#xD;"Specifically" (Vincent and Thompson 2017:1289)&#xD;&#xD;"data" (Vincent and Thompson 2017:1289)</style></research-notes><remote-database-name>Taylor and Francis+NEJM</remote-database-name><urls><web-urls><url>https://doi.org/10.1080/01621459.2016.1212712</url></web-urls><pdf-urls><url>/Users/sm38679/Zotero/storage/U33ZPS9U/Vincent and Thompson - 2017 - Estimating Population Size With Link-Tracing Sampling.pdf</url></pdf-urls></urls><access-date>2023-06-08 17:53:53</access-date></record><record><database name="MyLibrary">MyLibrary</database><source-app name="Zotero">Zotero</source-app><ref-type name="Journal Article">17</ref-type><contributors><authors><author>Abdul-Quader, A.S.</author><author>Heckathorn, D.D.</author><author>McKnight, C.</author><author>Bramson, H.</author><author>Nemeth, C.</author><author>Sabin, K.</author><author>Gallagher, K.</author><author>Jarlais, D.C.</author></authors></contributors><titles><title>Effectiveness of respondent-driven sampling for recruiting drug users in New York City: findings from a pilot study</title><secondary-title>Journal of Urban Health</secondary-title></titles><periodical><full-title>Journal of Urban Health</full-title></periodical><pages>459–76</pages><volume>83</volume><number>3</number><issue>3</issue><dates><year>2006</year><pub-dates><date>2006</date></pub-dates></dates><language>en</language></record><record><database name="MyLibrary">MyLibrary</database><source-app name="Zotero">Zotero</source-app><ref-type name="Report">27</ref-type><contributors><authors><author>Bernhardt, A.</author><author>Milkman, R.Theodore</author><author>N.</author></authors></contributors><titles><title>Broken laws, unprotected workers: Violations of employment and labor laws in america's cities</title></titles><dates><year>2009</year><pub-dates><date>2009</date></pub-dates></dates><work-type>UCLA IRLE Report.</work-type><language>en</language><misc2>UCLA IRLE Report.</misc2></record><record><database name="MyLibrary">MyLibrary</database><source-app name="Zotero">Zotero</source-app><ref-type name="Journal Article">17</ref-type><contributors><authors><author>Brown, J.S.</author><author>Schonfeld, T.L.</author><author>Gordon, B.G.</author></authors></contributors><titles><title>You may have already won...”: An examination of the use of lottery payments in research</title><secondary-title>IRB: Ethics &amp; Human Research</secondary-title></titles><periodical><full-title>IRB: Ethics &amp; Human Research</full-title></periodical><pages>12–16</pages><volume>28</volume><number>1</number><issue>1</issue><dates><year>2006</year><pub-dates><date>2006</date></pub-dates></dates><language>en</language></record><record><database name="MyLibrary">MyLibrary</database><source-app name="Zotero">Zotero</source-app><ref-type name="Journal Article">17</ref-type><contributors><authors><author>Brunovskis, A.</author><author>Surtees, R.</author></authors></contributors><titles><title>Untold stories: biases and selection effects in research with victims of trafficking for sexual exploitation</title><secondary-title>International Migration</secondary-title></titles><periodical><full-title>International Migration</full-title></periodical><pages>1–37</pages><volume>48</volume><number>4</number><issue>4</issue><dates><year>2010</year><pub-dates><date>2010</date></pub-dates></dates><language>en</language></record><record><database name="MyLibrary">MyLibrary</database><source-app name="Zotero">Zotero</source-app><ref-type name="Journal Article">17</ref-type><contributors><authors><author>Cobanoglu, C.</author><author>Cobanoglu, N.</author></authors></contributors><titles><title>The effect of incentives in web surveys: application and ethical considerations</title><secondary-title>International Journal of Market Research</secondary-title></titles><periodical><full-title>International Journal of Market Research</full-title></periodical><pages>1–13</pages><volume>45</volume><number>4</number><issue>4</issue><dates><year>2003</year><pub-dates><date>2003</date></pub-dates></dates><language>en</language></record><record><database name="MyLibrary">MyLibrary</database><source-app name="Zotero">Zotero</source-app><ref-type name="Journal Article">17</ref-type><contributors><authors><author>DeJong, J.</author><author>Mahfoud, Z.</author><author>Khoury, D.</author><author>Barbir, F.</author><author>Afifi, R.A.</author></authors></contributors><titles><title>Ethical considerations in HIV/AIDS biobehavioral surveys that use respondent-driven sampling: illustrations from Lebanon</title><secondary-title>American Journal of Public Health</secondary-title></titles><periodical><full-title>American Journal of Public Health</full-title></periodical><pages>1562–1567</pages><volume>99</volume><number>9</number><issue>9</issue><dates><year>2009</year><pub-dates><date>2009</date></pub-dates></dates><language>en</language></record><record><database name="MyLibrary">MyLibrary</database><source-app name="Zotero">Zotero</source-app><ref-type name="Journal Article">17</ref-type><contributors><authors><author>Frank, O.</author><author>Snijders, T.</author></authors></contributors><titles><title>Estimating the size of hidden populations using snowball sampling</title><secondary-title>Journal of Official Statistics-Stockholm</secondary-title></titles><periodical><full-title>Journal of Official Statistics-Stockholm</full-title></periodical><pages>53–53</pages><volume>10</volume><dates><year>1994</year><pub-dates><date>1994</date></pub-dates></dates><language>en</language></record><record><database name="MyLibrary">MyLibrary</database><source-app name="Zotero">Zotero</source-app><ref-type name="Journal Article">17</ref-type><contributors><authors><author>Gajic, A.</author><author>Cameron, D.</author><author>Hurley, J.</author></authors></contributors><titles><title>The cost-effectiveness of cash versus lottery incentives for a web-based, stated-preference community survey</title><secondary-title>The European Journal of Health Economics</secondary-title></titles><periodical><full-title>The European Journal of Health Economics</full-title></periodical><pages>789–799</pages><volume>13</volume><number>6</number><issue>6</issue><dates><year>2012</year><pub-dates><date>2012</date></pub-dates></dates><language>en</language></record><record><database name="MyLibrary">MyLibrary</database><source-app name="Zotero">Zotero</source-app><ref-type name="Journal Article">17</ref-type><contributors><authors><author>Goodman, L.A.</author></authors></contributors><titles><title>Comment: On respondent-driven sampling and snowball sampling in hard-to-reach populations and snowball sampling not in hard-to-reach populations</title><secondary-title>Sociological Methodology</secondary-title></titles><periodical><full-title>Sociological Methodology</full-title></periodical><pages>347–353</pages><volume>41</volume><number>1</number><issue>1</issue><dates><year>2011</year><pub-dates><date>2011</date></pub-dates></dates><language>en</language></record><record><database name="MyLibrary">MyLibrary</database><source-app name="Zotero">Zotero</source-app><ref-type name="Generic">13</ref-type><contributors><authors><author>Gower, M.</author></authors></contributors><titles><title>Calls to change overseas domestic worker visa conditions</title></titles><dates><year>2016</year><pub-dates><date>2016</date></pub-dates></dates><research-notes>Briefing paper Number 4786 House of Commons Library Available at:</research-notes><language>en</language><urls><web-urls><url>https://researchbriefings.files.parliament.uk/documents/SN04786/SN04786.pdf</url></web-urls></urls></record><record><database name="MyLibrary">MyLibrary</database><source-app name="Zotero">Zotero</source-app><ref-type name="Journal Article">17</ref-type><contributors><authors><author>Heckathorn, D.D.</author></authors></contributors><titles><title>Respondent-driven sampling: A new approach to the study of hidden populations</title><secondary-title>Social Problems</secondary-title></titles><periodical><full-title>Social Problems</full-title></periodical><pages>174–199</pages><volume>44</volume><number>2</number><issue>2</issue><dates><year>1997</year><pub-dates><date>1997</date></pub-dates></dates><language>en</language></record><record><database name="MyLibrary">MyLibrary</database><source-app name="Zotero">Zotero</source-app><ref-type name="Journal Article">17</ref-type><contributors><authors><author>Heckathorn, D.D.</author></authors></contributors><titles><title>Respondent-driven sampling II: deriving valid population estimates from chain-referral samples of hidden populations</title><secondary-title>Social problems</secondary-title></titles><periodical><full-title>Social problems</full-title></periodical><pages>11–34</pages><volume>49</volume><number>1</number><issue>1</issue><dates><year>2002</year><pub-dates><date>2002</date></pub-dates></dates><language>pt</language></record><record><database name="MyLibrary">MyLibrary</database><source-app name="Zotero">Zotero</source-app><ref-type name="Journal Article">17</ref-type><contributors><authors><author>Heckathorn, D.D.</author></authors></contributors><titles><title>Comment: Snowball versus respondent-driven sampling</title><secondary-title>Sociological Methodology</secondary-title></titles><periodical><full-title>Sociological Methodology</full-title></periodical><pages>355–366</pages><volume>41</volume><number>1</number><issue>1</issue><dates><year>2011</year><pub-dates><date>2011</date></pub-dates></dates><language>en</language></record><record><database name="MyLibrary">MyLibrary</database><source-app name="Zotero">Zotero</source-app><ref-type name="Generic">13</ref-type><contributors><authors><author>Office, Home</author></authors></contributors><titles><title>Why do people come to the UK to work?</title></titles><dates><year>2023</year><pub-dates><date>2023</date></pub-dates></dates><research-notes>Available at:</research-notes><language>en</language><urls><web-urls><url>https://www.gov.uk/government/statistics/immigration-system-statistics-year-ending-june-2023/why-do-people-come-to-the-uk-to-work</url></web-urls></urls></record><record><database name="MyLibrary">MyLibrary</database><source-app name="Zotero">Zotero</source-app><ref-type name="Generic">13</ref-type><contributors><authors><author>I.L.O.</author></authors></contributors><titles><title>ILO indicators of forced labour</title></titles><dates><year>2011</year><pub-dates><date>2011</date></pub-dates></dates><research-notes>Available at:</research-notes><language>en</language><urls><web-urls><url>https://www.ilo.org/global/topics/forced-labour/publications/WCMS_203832/lang--en/index.htm</url></web-urls></urls></record><record><database name="MyLibrary">MyLibrary</database><source-app name="Zotero">Zotero</source-app><ref-type name="Generic">13</ref-type><contributors><authors><author>I.L.O.</author></authors></contributors><titles><title>C189-domestic workers convention 2011</title></titles><dates><year>2011</year><pub-dates><date>2011</date></pub-dates></dates><research-notes>No. 189). Available at: .</research-notes><language>en</language><urls><web-urls><url>https://www.ilo.org/dyn/normlex/en/f?p=NORMLEXPUB:12100:0::NO::P12100_ILO_CODE:C189.</url></web-urls></urls></record><record><database name="MyLibrary">MyLibrary</database><source-app name="Zotero">Zotero</source-app><ref-type name="Journal Article">17</ref-type><contributors><authors><author>Jordan, L.</author><author>Chui, C.H.K.</author><author>Larmar, S.</author><author>O’Leary, P.</author></authors></contributors><titles><title>Overcoming methodological challenges in prevalence studies in developing contexts with vulnerable children</title><secondary-title>International Social Work</secondary-title></titles><periodical><full-title>International Social Work</full-title></periodical><pages>371–385</pages><volume>63</volume><number>3</number><issue>3</issue><dates><year>2020</year><pub-dates><date>2020</date></pub-dates></dates><language>en</language></record><record><database name="MyLibrary">MyLibrary</database><source-app name="Zotero">Zotero</source-app><ref-type name="Generic">13</ref-type><contributors><authors><author>Kalayaan</author></authors></contributors><titles><title>The new bonded labour?</title></titles><dates><year>2008</year><pub-dates><date>2008</date></pub-dates></dates><research-notes>Accessed 24 November 2023).</research-notes><language>en</language><urls><web-urls><url>http://www.kalayaan.org.uk/documents/Kalayaan%20Oxfam%20report.pdf</url></web-urls></urls></record><record><database name="MyLibrary">MyLibrary</database><source-app name="Zotero">Zotero</source-app><ref-type name="Journal Article">17</ref-type><contributors><authors><author>Laguilles, J.S.</author><author>Williams, E.A.</author><author>Saunders, D.B.</author></authors></contributors><titles><title>Can lottery incentives boost web survey response rates? Findings from four experiments</title><secondary-title>Research in Higher Education</secondary-title></titles><periodical><full-title>Research in Higher Education</full-title></periodical><pages>537–553</pages><volume>52</volume><number>5</number><issue>5</issue><dates><year>2011</year><pub-dates><date>2011</date></pub-dates></dates><language>en</language></record><record><database name="MyLibrary">MyLibrary</database><source-app name="Zotero">Zotero</source-app><ref-type name="Generic">13</ref-type><contributors><authors><author>Service, Latin American Women’s Rights</author></authors></contributors><titles><title>Behind closed doors: Experiences of Latin American domestic workers in the UK</title></titles><dates><year>2023</year><pub-dates><date>2023</date></pub-dates></dates><research-notes>Available at:</research-notes><language>en</language><urls><web-urls><url>https://lawrs.org.uk/wp-content/uploads/2023/08/Behind-closed-doors_domestic_work.pdf</url></web-urls></urls></record><record><database name="MyLibrary">MyLibrary</database><source-app name="Zotero">Zotero</source-app><ref-type name="Book Section">5</ref-type><contributors><authors><author>Mantouvalou, V.</author></authors></contributors><titles><title>Modern slavery? The UK visa system and the exploitation of migrant domestic workers</title><secondary-title>British politics and policy at LSE</secondary-title></titles><periodical><full-title>British politics and policy at LSE</full-title></periodical><dates><year>2016</year><pub-dates><date>2016</date></pub-dates></dates><research-notes>Available at:</research-notes><language>en</language><urls><web-urls><url>https://blogs.lse.ac.uk/politicsandpolicy/exploitation-of-migrant-domestic-workers-in-the-uk/.</url></web-urls></urls></record><record><database name="MyLibrary">MyLibrary</database><source-app name="Zotero">Zotero</source-app><ref-type name="Journal Article">17</ref-type><contributors><authors><author>McCreesh, N.</author><author>Johnston, L.G.</author><author>Copas, A.</author></authors></contributors><titles><title>Evaluation of the role of location and distance in recruitment in respondent-driven sampling</title><secondary-title>International Journal of Health Geography</secondary-title></titles><periodical><full-title>International Journal of Health Geography</full-title></periodical><volume>10</volume><number>56</number><issue>56</issue><dates><year>2011</year><pub-dates><date>2011</date></pub-dates></dates><language>en</language></record><record><database name="MyLibrary">MyLibrary</database><source-app name="Zotero">Zotero</source-app><ref-type name="Journal Article">17</ref-type><contributors><authors><author>McCreesh, N.</author><author>Copas, A.</author><author>Seeley, J.</author><author>Johnston, L.G.</author><author>Sonnenberg, P.</author><author>Hayes, R.J.</author></authors></contributors><titles><title>Respondent driven sampling: Determinants of recruitment and a method to improve point estimation</title><secondary-title>PLoS ONE</secondary-title></titles><periodical><full-title>PLoS ONE</full-title></periodical><volume>8</volume><number>10</number><issue>10</issue><dates><year>2013</year><pub-dates><date>2013</date></pub-dates></dates><language>en</language></record><record><database name="MyLibrary">MyLibrary</database><source-app name="Zotero">Zotero</source-app><ref-type name="Journal Article">17</ref-type><contributors><authors><author>Platt, L.</author><author>Luthra, R.</author><author>Frere-Smith, T.</author></authors></contributors><titles><title>Adapting chain referral methods to sample new migrants: Possibilities and limitations</title><secondary-title>Demographic Research</secondary-title></titles><periodical><full-title>Demographic Research</full-title></periodical><pages>665–700</pages><volume>33</volume><dates><year>2015</year><pub-dates><date>2015</date></pub-dates></dates><language>en</language></record><record><database name="MyLibrary">MyLibrary</database><source-app name="Zotero">Zotero</source-app><ref-type name="Journal Article">17</ref-type><contributors><authors><author>Robinson, O.C.</author></authors></contributors><titles><title>Sampling in interview-based qualitative research: A theoretical and practical guide</title><secondary-title>Qualitative research in psychology</secondary-title></titles><periodical><full-title>Qualitative research in psychology</full-title></periodical><pages>25–41</pages><volume>11</volume><number>1</number><issue>1</issue><dates><year>2014</year><pub-dates><date>2014</date></pub-dates></dates><language>en</language></record><record><database name="MyLibrary">MyLibrary</database><source-app name="Zotero">Zotero</source-app><ref-type name="Journal Article">17</ref-type><contributors><authors><author>Schwitters, A.</author><author>Swaminathan, M.</author><author>Serwadda, D.</author></authors></contributors><titles><title>Prevalence of rape and client-initiated gender-based violence among female sex workers: Kampala, uganda</title><secondary-title>AIDS Behaviour</secondary-title></titles><periodical><full-title>AIDS Behaviour</full-title></periodical><pages>68–76</pages><volume>19</volume><number>Supply Nr 1</number><issue>Supply Nr 1</issue><dates><year>2012</year><pub-dates><date>2012</date></pub-dates></dates><language>en</language></record><record><database name="MyLibrary">MyLibrary</database><source-app name="Zotero">Zotero</source-app><ref-type name="Journal Article">17</ref-type><contributors><authors><author>Semaan, S.</author><author>Santibanez, S.</author><author>Garfein, R.S.</author><author>Heckathorn, D.D.</author><author>Jarlais, D.C.</author></authors></contributors><titles><title>Ethical and regulatory considerations in HIV prevention studies employing respondent-driven sampling</title><secondary-title>International Journal of Drug Policy</secondary-title></titles><periodical><full-title>International Journal of Drug Policy</full-title></periodical><pages>14–27</pages><volume>20</volume><number>1</number><issue>1</issue><dates><year>2009</year><pub-dates><date>2009</date></pub-dates></dates><language>en</language></record><record><database name="MyLibrary">MyLibrary</database><source-app name="Zotero">Zotero</source-app><ref-type name="Journal Article">17</ref-type><contributors><authors><author>Semaan, S.</author></authors></contributors><titles><title>Time-space sampling and respondent-driven sampling with hard-to-reach populations</title><secondary-title>Methodological Innovations Online</secondary-title></titles><periodical><full-title>Methodological Innovations Online</full-title></periodical><pages>60–75</pages><volume>5</volume><number>2</number><issue>2</issue><dates><year>2010</year><pub-dates><date>2010</date></pub-dates></dates><language>en</language></record><record><database name="MyLibrary">MyLibrary</database><source-app name="Zotero">Zotero</source-app><ref-type name="Journal Article">17</ref-type><contributors><authors><author>Singer, E.</author><author>Bossarte, R.M.</author></authors></contributors><titles><title>Incentives for survey participation: when are they “coercive”?</title><secondary-title>American journal of preventive medicine</secondary-title></titles><periodical><full-title>American journal of preventive medicine</full-title></periodical><pages>411–418</pages><volume>31</volume><number>5</number><issue>5</issue><dates><year>2006</year><pub-dates><date>2006</date></pub-dates></dates><language>en</language></record><record><database name="MyLibrary">MyLibrary</database><source-app name="Zotero">Zotero</source-app><ref-type name="Generic">13</ref-type><contributors><authors><author>Strauss, D.</author><author>Cocco, F.</author></authors></contributors><titles><title>Britain after Brexit: The surprising surge in skilled migrants</title></titles><dates><year>2023</year><pub-dates><date>2023</date></pub-dates></dates><language>en</language></record><record><database name="MyLibrary">MyLibrary</database><source-app name="Zotero">Zotero</source-app><ref-type name="Generic">13</ref-type><contributors><authors><author>Thompson, S.</author></authors></contributors><titles><title>New estimates for network sampling</title></titles><dates><year>2020</year><pub-dates><date>2020</date></pub-dates></dates><research-notes>arXiv preprint arXiv:2002.01350.</research-notes><language>en</language></record><record><database name="MyLibrary">MyLibrary</database><source-app name="Zotero">Zotero</source-app><ref-type name="Journal Article">17</ref-type><contributors><authors><author>Tyldum, G.</author></authors></contributors><titles><title>Surveying migrant populations with respondent-driven sampling. Experiences from surveys of east-west migration in Europe</title><secondary-title>International Journal of Social Research Methodology</secondary-title></titles><periodical><full-title>International Journal of Social Research Methodology</full-title></periodical><pages>341–35</pages><volume>24</volume><number>3</number><issue>3</issue><dates><year>2021</year><pub-dates><date>2021</date></pub-dates></dates><language>en</language></record><record><database name="MyLibrary">MyLibrary</database><source-app name="Zotero">Zotero</source-app><ref-type name="Journal Article">17</ref-type><contributors><authors><author>Wang, J.</author><author>Carlson, R.G.</author><author>Falck, R.S.</author><author>Siegal, H.A.</author><author>Rahman, A.</author><author>Li, L.</author></authors></contributors><titles><title>Respondent-driven sampling to recruit MDMA users: a methodological assessment</title><secondary-title>Drug and alcohol dependence</secondary-title></titles><periodical><full-title>Drug and alcohol dependence</full-title></periodical><pages>147–157</pages><volume>78</volume><number>2</number><issue>2</issue><dates><year>2005</year><pub-dates><date>2005</date></pub-dates></dates><language>en</language></record><record><database name="MyLibrary">MyLibrary</database><source-app name="Zotero">Zotero</source-app><ref-type name="Journal Article">17</ref-type><contributors><authors><author>Wejnert, C.</author><author>Heckathorn, D.D.</author></authors></contributors><titles><title>Web-based network sampling: efficiency and efficacy of respondent-driven sampling for online research</title><secondary-title>Sociological Methods &amp; Research</secondary-title></titles><periodical><full-title>Sociological Methods &amp; Research</full-title></periodical><pages>105–134</pages><volume>37</volume><number>1</number><issue>1</issue><dates><year>2008</year><pub-dates><date>2008</date></pub-dates></dates><language>en</language></record><record><database name="MyLibrary">MyLibrary</database><source-app name="Zotero">Zotero</source-app><ref-type name="Journal Article">17</ref-type><contributors><authors><author>Zhang, S.X.</author></authors></contributors><titles><title>Measuring labour trafficking: a research note</title><secondary-title>Crime, Law and Social Change</secondary-title></titles><periodical><full-title>Crime, Law and Social Change</full-title></periodical><pages>469–482</pages><volume>58</volume><dates><year>2012</year><pub-dates><date>2012</date></pub-dates></dates><language>en</language></record><record><database name="MyLibrary">MyLibrary</database><source-app name="Zotero">Zotero</source-app><ref-type name="Journal Article">17</ref-type><contributors><authors><author>Zhang, S.X.</author><author>Dank, M.</author><author>Vincent, K.</author><author>Narayanan, P.</author><author>Bharadwaj, S.</author><author>Balasubramaniam, S.M.</author></authors></contributors><titles><title>Victims without a voice: Measuring worst forms of child labor in the Indian State of Bihar</title><secondary-title>Victims &amp; Offenders</secondary-title></titles><periodical><full-title>Victims &amp; Offenders</full-title></periodical><pages>832–858</pages><volume>14</volume><number>7</number><issue>7</issue><dates><year>2019</year><pub-dates><date>2019</date></pub-dates></dates><language>en</language></record></records></xml>