indicator_name,indicator,confidence_level,scheme,N_F,y_FH,d_FF,basic_estimate,basic_prevalence,degree_ratio,true_positive_rate,adjusted_estimate,adjusted_prevalence,rds_prevalence,rds_estimate,empirical_degree_ratio,basic_rds_ratio,adjusted_rds_ratio,n_total,n_out_reports,n_degree,n_hidden,n_rds,basic_ci_lower,basic_ci_upper,adjusted_ci_lower,adjusted_ci_upper,rds_ci_lower,rds_ci_upper,error
document_withholding,document_withholding_rds,highest,unweighted,50000,25,10.75,116279.06976744186,2.3255813953488373,1,1,116279.06976744186,2.3255813953488373,0.25882352941176473,12941.176470588236,0.4976744186046511,8.985200845665961,8.985200845665961,85,85,80,20,85,NA,NA,NA,NA,NA,NA,NA
document_withholding,document_withholding_rds,highest,unweighted,100000,25,10.75,232558.13953488372,2.3255813953488373,1,1,232558.13953488372,2.3255813953488373,0.25882352941176473,25882.352941176472,0.4976744186046511,8.985200845665961,8.985200845665961,85,85,80,20,85,NA,NA,NA,NA,NA,NA,NA
document_withholding,document_withholding_rds,highest,unweighted,980000,25,10.75,2279069.7674418604,2.3255813953488373,1,1,2279069.7674418604,2.3255813953488373,0.25882352941176473,253647.05882352943,0.4976744186046511,8.985200845665961,8.985200845665961,85,85,80,20,85,1380731.078328222,3549109.0299684545,1380731.078328222,3549109.0299684545,161411.76470588235,346170.5882352939,NA
document_withholding,document_withholding_rds,highest,unweighted,1740000,25,10.75,4046511.627906977,2.3255813953488373,1,1,4046511.627906977,2.3255813953488373,0.25882352941176473,450352.9411764706,0.4976744186046511,8.985200845665963,8.985200845665963,85,85,80,20,85,NA,NA,NA,NA,NA,NA,NA
document_withholding,document_withholding_rds,highest,rds_I_document_withholding,50000,26.87534716970284,9.07653979330714,148048.41812912113,2.9609683625824226,1,1,148048.41812912113,2.9609683625824226,0.49404807033557535,24702.403516778766,0.5894316690976208,5.993279885844359,5.993279885844359,85,85,80,20,85,NA,NA,NA,NA,NA,NA,NA
document_withholding,document_withholding_rds,highest,rds_I_document_withholding,100000,26.87534716970284,9.07653979330714,296096.83625824226,2.9609683625824226,1,1,296096.83625824226,2.9609683625824226,0.49404807033557535,49404.80703355753,0.5894316690976208,5.993279885844359,5.993279885844359,85,85,80,20,85,NA,NA,NA,NA,NA,NA,NA
document_withholding,document_withholding_rds,highest,rds_I_document_withholding,980000,26.87534716970284,9.07653979330714,2901748.995330774,2.9609683625824226,1,1,2901748.995330774,2.9609683625824226,0.49404807033557535,484167.10892886383,0.5894316690976208,5.993279885844359,5.993279885844359,85,85,80,20,85,1701950.3581593304,4529752.206899449,1701950.3581593304,4529752.206899449,367193.1916683997,591917.1026903058,NA
document_withholding,document_withholding_rds,highest,rds_I_document_withholding,1740000,26.87534716970284,9.07653979330714,5152084.950893415,2.9609683625824226,1,1,5152084.950893415,2.9609683625824226,0.49404807033557535,859643.642383901,0.5894316690976208,5.993279885844359,5.993279885844359,85,85,80,20,85,NA,NA,NA,NA,NA,NA,NA
document_withholding,document_withholding_rds,highest,rds_I_pay_issues,50000,25.101589430945346,10.847029892539853,115707.20132434224,2.314144026486845,1,1,115707.20132434224,2.314144026486845,0.26366795090311906,13183.397545155953,0.5014068110554146,8.776736112828303,8.776736112828303,85,85,80,20,85,NA,NA,NA,NA,NA,NA,NA
document_withholding,document_withholding_rds,highest,rds_I_pay_issues,100000,25.101589430945346,10.847029892539853,231414.40264868448,2.314144026486845,1,1,231414.40264868448,2.314144026486845,0.26366795090311906,26366.795090311905,0.5014068110554146,8.776736112828303,8.776736112828303,85,85,80,20,85,NA,NA,NA,NA,NA,NA,NA
document_withholding,document_withholding_rds,highest,rds_I_pay_issues,980000,25.101589430945346,10.847029892539853,2267861.145957108,2.314144026486845,1,1,2267861.145957108,2.314144026486845,0.26366795090311906,258394.5918850567,0.5014068110554146,8.776736112828303,8.776736112828303,85,85,80,20,85,1326850.1721787339,3574677.838628553,1326850.1721787339,3574677.838628553,168995.15024768838,360593.4215839734,NA
document_withholding,document_withholding_rds,highest,rds_I_pay_issues,1740000,25.101589430945346,10.847029892539853,4026610.60608711,2.314144026486845,1,1,4026610.60608711,2.314144026486845,0.26366795090311906,458782.23457142717,0.5014068110554146,8.776736112828303,8.776736112828303,85,85,80,20,85,NA,NA,NA,NA,NA,NA,NA
document_withholding,document_withholding_rds,highest,rds_I_threats_abuse,50000,25.87068140401227,10.886043969376916,118824.99040417265,2.376499808083453,1,1,118824.99040417265,2.376499808083453,0.27111550217429126,13555.775108714563,0.5014187528286063,8.765636007621872,8.765636007621872,85,85,80,20,85,NA,NA,NA,NA,NA,NA,NA
document_withholding,document_withholding_rds,highest,rds_I_threats_abuse,100000,25.87068140401227,10.886043969376916,237649.9808083453,2.376499808083453,1,1,237649.9808083453,2.376499808083453,0.27111550217429126,27111.550217429125,0.5014187528286063,8.765636007621872,8.765636007621872,85,85,80,20,85,NA,NA,NA,NA,NA,NA,NA
document_withholding,document_withholding_rds,highest,rds_I_threats_abuse,980000,25.87068140401227,10.886043969376916,2328969.8119217837,2.376499808083453,1,1,2328969.8119217837,2.376499808083453,0.27111550217429126,265693.19213080546,0.5014187528286063,8.765636007621868,8.765636007621868,85,85,80,20,85,1405535.6646209022,3786508.380657349,1405535.6646209022,3786508.380657349,175643.5160589514,361401.7327607929,NA
document_withholding,document_withholding_rds,highest,rds_I_threats_abuse,1740000,25.87068140401227,10.886043969376916,4135109.666065208,2.376499808083453,1,1,4135109.666065208,2.376499808083453,0.27111550217429126,471740.9737832668,0.5014187528286063,8.76563600762187,8.76563600762187,85,85,80,20,85,NA,NA,NA,NA,NA,NA,NA
document_withholding,document_withholding_rds,highest,rds_I_excessive_hours,50000,26.7258967127098,10.548944667336574,126675.6891590447,2.533513783180894,1,1,126675.6891590447,2.533513783180894,0.29150909125935354,14575.454562967678,0.5071597367048074,8.691028373200357,8.691028373200357,85,85,80,20,85,NA,NA,NA,NA,NA,NA,NA
document_withholding,document_withholding_rds,highest,rds_I_excessive_hours,100000,26.7258967127098,10.548944667336574,253351.3783180894,2.533513783180894,1,1,253351.3783180894,2.533513783180894,0.29150909125935354,29150.909125935355,0.5071597367048074,8.691028373200357,8.691028373200357,85,85,80,20,85,NA,NA,NA,NA,NA,NA,NA
document_withholding,document_withholding_rds,highest,rds_I_excessive_hours,980000,26.7258967127098,10.548944667336574,2482843.5075172763,2.533513783180894,1,1,2482843.5075172763,2.533513783180894,0.29150909125935354,285678.90943416645,0.5071597367048074,8.691028373200359,8.691028373200359,85,85,80,20,85,1419155.7056623173,3980788.5816844525,1419155.7056623173,3980788.5816844525,193114.92076589147,386287.37062199577,NA
document_withholding,document_withholding_rds,highest,rds_I_excessive_hours,1740000,26.7258967127098,10.548944667336574,4408313.982734756,2.533513783180894,1,1,4408313.982734756,2.533513783180894,0.29150909125935354,507225.81879127515,0.5071597367048074,8.691028373200359,8.691028373200359,85,85,80,20,85,NA,NA,NA,NA,NA,NA,NA
document_withholding,document_withholding_rds,highest,rds_I_access_to_help,50000,24.987845616616372,10.752772201812366,116192.57409919231,2.323851481983846,1,1,116192.57409919231,2.323851481983846,0.25883684252946704,12941.842126473352,0.49753202982601247,8.978055284843345,8.978055284843345,85,85,80,20,85,NA,NA,NA,NA,NA,NA,NA
document_withholding,document_withholding_rds,highest,rds_I_access_to_help,100000,24.987845616616372,10.752772201812366,232385.14819838462,2.323851481983846,1,1,232385.14819838462,2.323851481983846,0.25883684252946704,25883.684252946703,0.49753202982601247,8.978055284843345,8.978055284843345,85,85,80,20,85,NA,NA,NA,NA,NA,NA,NA
document_withholding,document_withholding_rds,highest,rds_I_access_to_help,980000,24.987845616616372,10.752772201812366,2277374.452344169,2.3238514819838456,1,1,2277374.452344169,2.3238514819838456,0.25883684252946704,253660.1056788777,0.49753202982601247,8.978055284843343,8.978055284843343,85,85,80,20,85,1445481.4913718074,3546297.061448884,1445481.4913718074,3546297.061448884,172929.09503626346,357279.34551369585,NA
document_withholding,document_withholding_rds,highest,rds_I_access_to_help,1740000,24.987845616616372,10.752772201812366,4043501.578651892,2.323851481983846,1,1,4043501.578651892,2.323851481983846,0.25883684252946704,450376.1060012726,0.49753202982601247,8.978055284843345,8.978055284843345,85,85,80,20,85,NA,NA,NA,NA,NA,NA,NA
document_withholding,document_withholding_rds,highest,vh_980k,50000,20.448915291812547,3.560295063842905,287180.0640835149,5.743601281670299,1,1,287180.0640835149,5.743601281670299,0.34244496558616233,17122.248279308118,0.6944564599392108,16.77233383133254,16.77233383133254,85,85,80,20,85,NA,NA,NA,NA,NA,NA,NA
document_withholding,document_withholding_rds,highest,vh_980k,100000,20.448915291812547,3.560295063842905,574360.1281670298,5.743601281670299,1,1,574360.1281670298,5.743601281670299,0.34244496558616233,34244.496558616236,0.6944564599392108,16.77233383133254,16.77233383133254,85,85,80,20,85,NA,NA,NA,NA,NA,NA,NA
document_withholding,document_withholding_rds,highest,vh_980k,980000,20.448915291812547,3.560295063842905,5628729.2560368925,5.743601281670299,1,1,5628729.2560368925,5.743601281670299,0.34244496558616233,335596.0662744391,0.6944564599392108,16.772333831332542,16.772333831332542,85,85,80,20,85,3348068.2122575184,8891121.444217907,3348068.2122575184,8891121.444217907,193372.97208140194,485461.25773760077,NA
document_withholding,document_withholding_rds,highest,vh_980k,1740000,20.448915291812547,3.560295063842905,9993866.23010632,5.743601281670299,1,1,9993866.23010632,5.743601281670299,0.34244496558616233,595854.2401199224,0.6944564599392108,16.772333831332542,16.772333831332542,85,85,80,20,85,NA,NA,NA,NA,NA,NA,NA
document_withholding,document_withholding_rds,highest,vh_100k,50000,20.448915291812536,3.5602950638429047,287180.0640835148,5.743601281670296,1,1,287180.0640835148,5.743601281670296,0.34244496558616233,17122.248279308118,0.6944564599392108,16.77233383133253,16.77233383133253,85,85,80,20,85,NA,NA,NA,NA,NA,NA,NA
document_withholding,document_withholding_rds,highest,vh_100k,100000,20.448915291812536,3.5602950638429047,574360.1281670296,5.743601281670296,1,1,574360.1281670296,5.743601281670296,0.34244496558616233,34244.496558616236,0.6944564599392108,16.77233383133253,16.77233383133253,85,85,80,20,85,NA,NA,NA,NA,NA,NA,NA
document_withholding,document_withholding_rds,highest,vh_100k,980000,20.448915291812536,3.5602950638429047,5628729.25603689,5.743601281670296,1,1,5628729.25603689,5.743601281670296,0.34244496558616233,335596.0662744391,0.6944564599392108,16.77233383133253,16.77233383133253,85,85,80,20,85,3143695.482941978,8639109.495220212,3143695.482941978,8639109.495220212,190196.49996632777,480489.19446911424,NA
document_withholding,document_withholding_rds,highest,vh_100k,1740000,20.448915291812536,3.5602950638429047,9993866.230106315,5.743601281670296,1,1,9993866.230106315,5.743601281670296,0.34244496558616233,595854.2401199224,0.6944564599392108,16.772333831332535,16.772333831332535,85,85,80,20,85,NA,NA,NA,NA,NA,NA,NA
document_withholding,document_withholding_rds,highest,vh_050k,50000,20.448915291812536,3.5602950638429047,287180.0640835148,5.743601281670296,1,1,287180.0640835148,5.743601281670296,0.34244496558616233,17122.248279308118,0.6944564599392108,16.77233383133253,16.77233383133253,85,85,80,20,85,NA,NA,NA,NA,NA,NA,NA
document_withholding,document_withholding_rds,highest,vh_050k,100000,20.448915291812536,3.5602950638429047,574360.1281670296,5.743601281670296,1,1,574360.1281670296,5.743601281670296,0.34244496558616233,34244.496558616236,0.6944564599392108,16.77233383133253,16.77233383133253,85,85,80,20,85,NA,NA,NA,NA,NA,NA,NA
document_withholding,document_withholding_rds,highest,vh_050k,980000,20.448915291812536,3.5602950638429047,5628729.25603689,5.743601281670296,1,1,5628729.25603689,5.743601281670296,0.34244496558616233,335596.0662744391,0.6944564599392108,16.77233383133253,16.77233383133253,85,85,80,20,85,3136248.756479511,8468688.706062159,3136248.756479511,8468688.706062159,191711.45952522042,478619.49710471625,NA
document_withholding,document_withholding_rds,highest,vh_050k,1740000,20.448915291812536,3.5602950638429047,9993866.230106315,5.743601281670296,1,1,9993866.230106315,5.743601281670296,0.34244496558616233,595854.2401199224,0.6944564599392108,16.772333831332535,16.772333831332535,85,85,80,20,85,NA,NA,NA,NA,NA,NA,NA
document_withholding,document_withholding_rds,highest,ss_980k,50000,20.448915291812547,3.560295063842905,287180.0640835149,5.743601281670299,1,1,287180.0640835149,5.743601281670299,0.3424449655861624,17122.248279308118,0.6944564599392107,16.77233383133254,16.77233383133254,85,85,80,20,85,NA,NA,NA,NA,NA,NA,NA
document_withholding,document_withholding_rds,highest,ss_980k,100000,20.448915291812547,3.560295063842905,574360.1281670298,5.743601281670299,1,1,574360.1281670298,5.743601281670299,0.3424449655861624,34244.496558616236,0.6944564599392107,16.77233383133254,16.77233383133254,85,85,80,20,85,NA,NA,NA,NA,NA,NA,NA
document_withholding,document_withholding_rds,highest,ss_980k,980000,20.448915291812547,3.560295063842905,5628729.2560368925,5.743601281670299,1,1,5628729.2560368925,5.743601281670299,0.3424449655861624,335596.06627443916,0.6944564599392107,16.77233383133254,16.77233383133254,85,85,80,20,85,3151902.719488139,8433783.750675945,3151902.719488139,8433783.750675945,191324.1851064626,468769.5953564142,NA
document_withholding,document_withholding_rds,highest,ss_980k,1740000,20.448915291812547,3.560295063842905,9993866.23010632,5.743601281670299,1,1,9993866.23010632,5.743601281670299,0.3424449655861624,595854.2401199226,0.6944564599392107,16.772333831332542,16.772333831332542,85,85,80,20,85,NA,NA,NA,NA,NA,NA,NA
pay_issues,pay_issues_rds,high,unweighted,50000,40,10.75,186046.51162790696,3.720930232558139,1,1,186046.51162790696,3.720930232558139,0.5647058823529412,28235.29411764706,1.1365015166835186,6.589147286821705,6.589147286821705,85,85,80,46,85,NA,NA,NA,NA,NA,NA,NA
pay_issues,pay_issues_rds,high,unweighted,100000,40,10.75,372093.0232558139,3.720930232558139,1,1,372093.0232558139,3.720930232558139,0.5647058823529412,56470.58823529412,1.1365015166835186,6.589147286821705,6.589147286821705,85,85,80,46,85,NA,NA,NA,NA,NA,NA,NA
pay_issues,pay_issues_rds,high,unweighted,980000,40,10.75,3646511.6279069767,3.7209302325581395,1,1,3646511.6279069767,3.7209302325581395,0.5647058823529412,553411.7647058823,1.1365015166835186,6.5891472868217065,6.5891472868217065,85,85,80,46,85,2705822.954545454,5083815.426497277,2705822.954545454,5083815.426497277,449647.0588235294,657176.4705882353,NA
pay_issues,pay_issues_rds,high,unweighted,1740000,40,10.75,6474418.604651162,3.7209302325581395,1,1,6474418.604651162,3.7209302325581395,0.5647058823529412,982588.2352941176,1.1365015166835186,6.589147286821706,6.589147286821706,85,85,80,46,85,NA,NA,NA,NA,NA,NA,NA
pay_issues,pay_issues_rds,high,rds_I_document_withholding,50000,39.567227576222436,9.07653979330714,217964.2709515719,4.359285419031438,1,1,217964.2709515719,4.359285419031438,0.6162991438542675,30814.957192713377,1.1092962317859947,7.073327072578656,7.073327072578656,85,85,80,46,85,NA,NA,NA,NA,NA,NA,NA
pay_issues,pay_issues_rds,high,rds_I_document_withholding,100000,39.567227576222436,9.07653979330714,435928.5419031438,4.359285419031438,1,1,435928.5419031438,4.359285419031438,0.6162991438542675,61629.91438542675,1.1092962317859947,7.073327072578656,7.073327072578656,85,85,80,46,85,NA,NA,NA,NA,NA,NA,NA
pay_issues,pay_issues_rds,high,rds_I_document_withholding,980000,39.567227576222436,9.07653979330714,4272099.710650809,4.359285419031438,1,1,4272099.710650809,4.359285419031438,0.6162991438542675,603973.1609771822,1.1092962317859947,7.073327072578655,7.073327072578655,85,85,80,46,85,3023359.381775635,6091317.114286126,3023359.381775635,6091317.114286126,485449.2992862787,709216.8123563861,NA
pay_issues,pay_issues_rds,high,rds_I_document_withholding,1740000,39.567227576222436,9.07653979330714,7585156.629114701,4.359285419031438,1,1,7585156.629114701,4.359285419031438,0.6162991438542675,1072360.5103064256,1.1092962317859947,7.073327072578654,7.073327072578654,85,85,80,46,85,NA,NA,NA,NA,NA,NA,NA
pay_issues,pay_issues_rds,high,rds_I_pay_issues,50000,40.85335121994087,10.847029892539853,188315.84140852303,3.7663168281704604,1,1,188315.84140852303,3.7663168281704604,0.5930075026445375,29650.375132226876,1.1263351742720336,6.35121277787286,6.35121277787286,85,85,80,46,85,NA,NA,NA,NA,NA,NA,NA
pay_issues,pay_issues_rds,high,rds_I_pay_issues,100000,40.85335121994087,10.847029892539853,376631.68281704606,3.7663168281704604,1,1,376631.68281704606,3.7663168281704604,0.5930075026445375,59300.75026445375,1.1263351742720336,6.35121277787286,6.35121277787286,85,85,80,46,85,NA,NA,NA,NA,NA,NA,NA
pay_issues,pay_issues_rds,high,rds_I_pay_issues,980000,40.85335121994087,10.847029892539853,3690990.4916070513,3.7663168281704604,1,1,3690990.4916070513,3.7663168281704604,0.5930075026445375,581147.3525916467,1.1263351742720336,6.351212777872861,6.351212777872861,85,85,80,46,85,2633199.6500444114,5171910.436266089,2633199.6500444114,5171910.436266089,478009.50966956886,681800.8301996159,NA
pay_issues,pay_issues_rds,high,rds_I_pay_issues,1740000,40.85335121994087,10.847029892539853,6553391.281016601,3.7663168281704604,1,1,6553391.281016601,3.7663168281704604,0.5930075026445375,1031833.0546014953,1.1263351742720336,6.35121277787286,6.35121277787286,85,85,80,46,85,NA,NA,NA,NA,NA,NA,NA
pay_issues,pay_issues_rds,high,rds_I_threats_abuse,50000,41.30602210601841,10.886043969376916,189720.07747816696,3.7944015495633394,1,1,189720.07747816696,3.7944015495633394,0.5857046691555909,29285.23345777955,1.1459815173780286,6.4783529129684405,6.4783529129684405,85,85,80,46,85,NA,NA,NA,NA,NA,NA,NA
pay_issues,pay_issues_rds,high,rds_I_threats_abuse,100000,41.30602210601841,10.886043969376916,379440.1549563339,3.7944015495633394,1,1,379440.1549563339,3.7944015495633394,0.5857046691555909,58570.4669155591,1.1459815173780286,6.4783529129684405,6.4783529129684405,85,85,80,46,85,NA,NA,NA,NA,NA,NA,NA
pay_issues,pay_issues_rds,high,rds_I_threats_abuse,980000,41.30602210601841,10.886043969376916,3718513.518572072,3.794401549563339,1,1,3718513.518572072,3.794401549563339,0.5857046691555909,573990.5757724792,1.1459815173780286,6.478352912968439,6.478352912968439,85,85,80,46,85,2676512.073843989,5340901.800533987,2676512.073843989,5340901.800533987,469607.09720652393,673002.3376298499,NA
pay_issues,pay_issues_rds,high,rds_I_threats_abuse,1740000,41.30602210601841,10.886043969376916,6602258.69624021,3.794401549563339,1,1,6602258.69624021,3.794401549563339,0.5857046691555909,1019126.1243307282,1.1459815173780286,6.4783529129684405,6.4783529129684405,85,85,80,46,85,NA,NA,NA,NA,NA,NA,NA
pay_issues,pay_issues_rds,high,rds_I_excessive_hours,50000,40.7577107519214,10.548944667336574,193183.83040780522,3.8636766081561045,1,1,193183.83040780522,3.8636766081561045,0.6023438020562257,30117.190102811288,1.1635254493870464,6.414404190707435,6.414404190707435,85,85,80,46,85,NA,NA,NA,NA,NA,NA,NA
pay_issues,pay_issues_rds,high,rds_I_excessive_hours,100000,40.7577107519214,10.548944667336574,386367.66081561043,3.8636766081561045,1,1,386367.66081561043,3.8636766081561045,0.6023438020562257,60234.380205622576,1.1635254493870464,6.414404190707435,6.414404190707435,85,85,80,46,85,NA,NA,NA,NA,NA,NA,NA
pay_issues,pay_issues_rds,high,rds_I_excessive_hours,980000,40.7577107519214,10.548944667336574,3786403.0759929824,3.8636766081561045,1,1,3786403.0759929824,3.8636766081561045,0.6023438020562257,590296.9260151013,1.1635254493870464,6.414404190707435,6.414404190707435,85,85,80,46,85,2673448.369575762,5313744.816181223,2673448.369575762,5313744.816181223,482332.3454728168,693389.5319686446,NA
pay_issues,pay_issues_rds,high,rds_I_excessive_hours,1740000,40.7577107519214,10.548944667336574,6722797.298191622,3.8636766081561045,1,1,6722797.298191622,3.8636766081561045,0.6023438020562257,1048078.2155778328,1.1635254493870464,6.414404190707436,6.414404190707436,85,85,80,46,85,NA,NA,NA,NA,NA,NA,NA
pay_issues,pay_issues_rds,high,rds_I_access_to_help,50000,39.996227949984345,10.752772201812366,185981.00656890616,3.719620131378123,1,1,185981.00656890616,3.719620131378123,0.5646777768822369,28233.888844111843,1.136333462613393,6.587155159381892,6.587155159381892,85,85,80,46,85,NA,NA,NA,NA,NA,NA,NA
pay_issues,pay_issues_rds,high,rds_I_access_to_help,100000,39.996227949984345,10.752772201812366,371962.0131378123,3.719620131378123,1,1,371962.0131378123,3.719620131378123,0.5646777768822369,56467.77768822369,1.136333462613393,6.587155159381892,6.587155159381892,85,85,80,46,85,NA,NA,NA,NA,NA,NA,NA
pay_issues,pay_issues_rds,high,rds_I_access_to_help,980000,39.996227949984345,10.752772201812366,3645227.728750561,3.7196201313781234,1,1,3645227.728750561,3.7196201313781234,0.5646777768822369,553384.2213445922,1.136333462613393,6.587155159381892,6.587155159381892,85,85,80,46,85,2659737.787075192,5077463.520392337,2659737.787075192,5077463.520392337,449620.4774396882,645731.8968710839,NA
pay_issues,pay_issues_rds,high,rds_I_access_to_help,1740000,39.996227949984345,10.752772201812366,6472139.028597935,3.7196201313781234,1,1,6472139.028597935,3.7196201313781234,0.5646777768822369,982539.3317750922,1.136333462613393,6.587155159381892,6.587155159381892,85,85,80,46,85,NA,NA,NA,NA,NA,NA,NA
pay_issues,pay_issues_rds,high,vh_980k,50000,28.236832674750946,3.560295063842905,396551.8611296324,7.931037222592648,1,1,396551.8611296324,7.931037222592648,0.496527013804293,24826.350690214647,1.1044013857778194,15.97302261930643,15.97302261930643,85,85,80,46,85,NA,NA,NA,NA,NA,NA,NA
pay_issues,pay_issues_rds,high,vh_980k,100000,28.236832674750946,3.560295063842905,793103.7222592648,7.931037222592648,1,1,793103.7222592648,7.931037222592648,0.496527013804293,49652.701380429295,1.1044013857778194,15.97302261930643,15.97302261930643,85,85,80,46,85,NA,NA,NA,NA,NA,NA,NA
pay_issues,pay_issues_rds,high,vh_980k,980000,28.236832674750946,3.560295063842905,7772416.478140795,7.931037222592647,1,1,7772416.478140795,7.931037222592647,0.496527013804293,486596.4735282071,1.1044013857778194,15.97302261930643,15.97302261930643,85,85,80,46,85,4639697.338109854,11511669.263086533,4639697.338109854,11511669.263086533,342200.34282727254,639567.1261357679,NA
pay_issues,pay_issues_rds,high,vh_980k,1740000,28.236832674750946,3.560295063842905,13800004.767311206,7.931037222592647,1,1,13800004.767311206,7.931037222592647,0.496527013804293,863957.0040194698,1.1044013857778194,15.973022619306429,15.973022619306429,85,85,80,46,85,NA,NA,NA,NA,NA,NA,NA
pay_issues,pay_issues_rds,high,vh_100k,50000,28.23683267475094,3.5602950638429047,396551.86112963234,7.931037222592646,1,1,396551.86112963234,7.931037222592646,0.4965270138042929,24826.350690214647,1.1044013857778197,15.973022619306429,15.973022619306429,85,85,80,46,85,NA,NA,NA,NA,NA,NA,NA
pay_issues,pay_issues_rds,high,vh_100k,100000,28.23683267475094,3.5602950638429047,793103.7222592647,7.931037222592646,1,1,793103.7222592647,7.931037222592646,0.4965270138042929,49652.701380429295,1.1044013857778197,15.973022619306429,15.973022619306429,85,85,80,46,85,NA,NA,NA,NA,NA,NA,NA
pay_issues,pay_issues_rds,high,vh_100k,980000,28.23683267475094,3.5602950638429047,7772416.478140794,7.931037222592646,1,1,7772416.478140794,7.931037222592646,0.4965270138042929,486596.47352820705,1.1044013857778197,15.97302261930643,15.97302261930643,85,85,80,46,85,4533731.614644905,11838497.36002847,4533731.614644905,11838497.36002847,349045.9468162606,638146.5411896674,NA
pay_issues,pay_issues_rds,high,vh_100k,1740000,28.23683267475094,3.5602950638429047,13800004.767311204,7.931037222592646,1,1,13800004.767311204,7.931037222592646,0.4965270138042929,863957.0040194697,1.1044013857778197,15.973022619306429,15.973022619306429,85,85,80,46,85,NA,NA,NA,NA,NA,NA,NA
pay_issues,pay_issues_rds,high,vh_050k,50000,28.23683267475094,3.5602950638429047,396551.86112963234,7.931037222592646,1,1,396551.86112963234,7.931037222592646,0.4965270138042929,24826.350690214647,1.1044013857778197,15.973022619306429,15.973022619306429,85,85,80,46,85,NA,NA,NA,NA,NA,NA,NA
pay_issues,pay_issues_rds,high,vh_050k,100000,28.23683267475094,3.5602950638429047,793103.7222592647,7.931037222592646,1,1,793103.7222592647,7.931037222592646,0.4965270138042929,49652.701380429295,1.1044013857778197,15.973022619306429,15.973022619306429,85,85,80,46,85,NA,NA,NA,NA,NA,NA,NA
pay_issues,pay_issues_rds,high,vh_050k,980000,28.23683267475094,3.5602950638429047,7772416.478140794,7.931037222592646,1,1,7772416.478140794,7.931037222592646,0.4965270138042929,486596.47352820705,1.1044013857778197,15.97302261930643,15.97302261930643,85,85,80,46,85,4414883.070416574,11740017.852827426,4414883.070416574,11740017.852827426,339729.9930284658,649780.3565231623,NA
pay_issues,pay_issues_rds,high,vh_050k,1740000,28.23683267475094,3.5602950638429047,13800004.767311204,7.931037222592646,1,1,13800004.767311204,7.931037222592646,0.4965270138042929,863957.0040194697,1.1044013857778197,15.973022619306429,15.973022619306429,85,85,80,46,85,NA,NA,NA,NA,NA,NA,NA
pay_issues,pay_issues_rds,high,ss_980k,50000,28.236832674750946,3.560295063842905,396551.8611296324,7.931037222592648,1,1,396551.8611296324,7.931037222592648,0.4965270138042929,24826.350690214647,1.1044013857778192,15.97302261930643,15.97302261930643,85,85,80,46,85,NA,NA,NA,NA,NA,NA,NA
pay_issues,pay_issues_rds,high,ss_980k,100000,28.236832674750946,3.560295063842905,793103.7222592648,7.931037222592648,1,1,793103.7222592648,7.931037222592648,0.4965270138042929,49652.701380429295,1.1044013857778192,15.97302261930643,15.97302261930643,85,85,80,46,85,NA,NA,NA,NA,NA,NA,NA
pay_issues,pay_issues_rds,high,ss_980k,980000,28.236832674750946,3.560295063842905,7772416.478140795,7.931037222592647,1,1,7772416.478140795,7.931037222592647,0.4965270138042929,486596.47352820705,1.1044013857778192,15.973022619306432,15.973022619306432,85,85,80,46,85,4564989.7612123415,11689279.486584859,4564989.7612123415,11689279.486584859,341851.27238943195,633320.492530743,NA
pay_issues,pay_issues_rds,high,ss_980k,1740000,28.236832674750946,3.560295063842905,13800004.767311206,7.931037222592647,1,1,13800004.767311206,7.931037222592647,0.4965270138042929,863957.0040194697,1.1044013857778192,15.97302261930643,15.97302261930643,85,85,80,46,85,NA,NA,NA,NA,NA,NA,NA
threats_abuse,threats_abuse_rds,high,unweighted,50000,40,10.75,186046.51162790696,3.720930232558139,1,1,186046.51162790696,3.720930232558139,0.6,30000,1.0968992248062015,6.201550387596899,6.201550387596899,85,85,80,48,85,NA,NA,NA,NA,NA,NA,NA
threats_abuse,threats_abuse_rds,high,unweighted,100000,40,10.75,372093.0232558139,3.720930232558139,1,1,372093.0232558139,3.720930232558139,0.6,60000,1.0968992248062015,6.201550387596899,6.201550387596899,85,85,80,48,85,NA,NA,NA,NA,NA,NA,NA
threats_abuse,threats_abuse_rds,high,unweighted,980000,40,10.75,3646511.6279069767,3.7209302325581395,1,1,3646511.6279069767,3.7209302325581395,0.6,588000,1.0968992248062015,6.2015503875969,6.2015503875969,85,85,80,48,85,2598349.767760154,5157573.330714846,2598349.767760154,5157573.330714846,484235.2941176471,691764.705882353,NA
threats_abuse,threats_abuse_rds,high,unweighted,1740000,40,10.75,6474418.604651162,3.7209302325581395,1,1,6474418.604651162,3.7209302325581395,0.6,1044000,1.0968992248062015,6.201550387596899,6.201550387596899,85,85,80,48,85,NA,NA,NA,NA,NA,NA,NA
threats_abuse,threats_abuse_rds,high,rds_I_document_withholding,50000,39.567227576222436,9.07653979330714,217964.2709515719,4.359285419031438,1,1,217964.2709515719,4.359285419031438,0.6692435878044117,33462.17939022059,1.0601631455653908,6.5137499984616225,6.5137499984616225,85,85,80,48,85,NA,NA,NA,NA,NA,NA,NA
threats_abuse,threats_abuse_rds,high,rds_I_document_withholding,100000,39.567227576222436,9.07653979330714,435928.5419031438,4.359285419031438,1,1,435928.5419031438,4.359285419031438,0.6692435878044117,66924.35878044118,1.0601631455653908,6.5137499984616225,6.5137499984616225,85,85,80,48,85,NA,NA,NA,NA,NA,NA,NA
threats_abuse,threats_abuse_rds,high,rds_I_document_withholding,980000,39.567227576222436,9.07653979330714,4272099.710650809,4.359285419031438,1,1,4272099.710650809,4.359285419031438,0.6692435878044117,655858.7160483235,1.0601631455653908,6.5137499984616225,6.5137499984616225,85,85,80,48,85,2806850.9677357376,6293034.795838586,2806850.9677357376,6293034.795838586,547396.4058186837,761236.1613094403,NA
threats_abuse,threats_abuse_rds,high,rds_I_document_withholding,1740000,39.567227576222436,9.07653979330714,7585156.629114701,4.359285419031438,1,1,7585156.629114701,4.359285419031438,0.6692435878044117,1164483.8427796764,1.0601631455653908,6.5137499984616225,6.5137499984616225,85,85,80,48,85,NA,NA,NA,NA,NA,NA,NA
threats_abuse,threats_abuse_rds,high,rds_I_pay_issues,50000,40.85335121994087,10.847029892539853,188315.84140852303,3.7663168281704604,1,1,188315.84140852303,3.7663168281704604,0.6111071111166904,30555.355555834518,1.1025591325602824,6.163104240904973,6.163104240904973,85,85,80,48,85,NA,NA,NA,NA,NA,NA,NA
threats_abuse,threats_abuse_rds,high,rds_I_pay_issues,100000,40.85335121994087,10.847029892539853,376631.68281704606,3.7663168281704604,1,1,376631.68281704606,3.7663168281704604,0.6111071111166904,61110.711111669036,1.1025591325602824,6.163104240904973,6.163104240904973,85,85,80,48,85,NA,NA,NA,NA,NA,NA,NA
threats_abuse,threats_abuse_rds,high,rds_I_pay_issues,980000,40.85335121994087,10.847029892539853,3690990.4916070513,3.7663168281704604,1,1,3690990.4916070513,3.7663168281704604,0.6111071111166904,598884.9688943565,1.1025591325602824,6.163104240904973,6.163104240904973,85,85,80,48,85,2640207.992821867,5216578.725181707,2640207.992821867,5216578.725181707,495243.43175399647,691131.5920521584,NA
threats_abuse,threats_abuse_rds,high,rds_I_pay_issues,1740000,40.85335121994087,10.847029892539853,6553391.281016601,3.7663168281704604,1,1,6553391.281016601,3.7663168281704604,0.6111071111166904,1063326.3733430412,1.1025591325602824,6.163104240904973,6.163104240904973,85,85,80,48,85,NA,NA,NA,NA,NA,NA,NA
threats_abuse,threats_abuse_rds,high,rds_I_threats_abuse,50000,41.52369245702149,10.886043969376916,190719.84539944027,3.8143969079888054,1,1,190719.84539944027,3.8143969079888054,0.6522408842407379,32612.044212036893,1.0831911665833172,5.848141384803067,5.848141384803067,85,85,80,48,85,NA,NA,NA,NA,NA,NA,NA
threats_abuse,threats_abuse_rds,high,rds_I_threats_abuse,100000,41.52369245702149,10.886043969376916,381439.69079888053,3.8143969079888054,1,1,381439.69079888053,3.8143969079888054,0.6522408842407379,65224.08842407379,1.0831911665833172,5.848141384803067,5.848141384803067,85,85,80,48,85,NA,NA,NA,NA,NA,NA,NA
threats_abuse,threats_abuse_rds,high,rds_I_threats_abuse,980000,41.52369245702149,10.886043969376916,3738108.9698290294,3.8143969079888054,1,1,3738108.9698290294,3.8143969079888054,0.6522408842407379,639196.0665559231,1.0831911665833172,5.848141384803067,5.848141384803067,85,85,80,48,85,2646320.339190966,5274455.065293345,2646320.339190966,5274455.065293345,550201.7926486428,735054.2471958997,NA
threats_abuse,threats_abuse_rds,high,rds_I_threats_abuse,1740000,41.52369245702149,10.886043969376916,6637050.619900521,3.814396907988805,1,1,6637050.619900521,3.814396907988805,0.6522408842407379,1134899.1385788838,1.0831911665833172,5.848141384803067,5.848141384803067,85,85,80,48,85,NA,NA,NA,NA,NA,NA,NA
threats_abuse,threats_abuse_rds,high,rds_I_excessive_hours,50000,41.473326462069366,10.548944667336574,196575.71335304322,3.9315142670608645,1,1,196575.71335304322,3.9315142670608645,0.6505140501280924,32525.702506404617,1.1261356173669845,6.043703846652831,6.043703846652831,85,85,80,48,85,NA,NA,NA,NA,NA,NA,NA
threats_abuse,threats_abuse_rds,high,rds_I_excessive_hours,100000,41.473326462069366,10.548944667336574,393151.42670608644,3.9315142670608645,1,1,393151.42670608644,3.9315142670608645,0.6505140501280924,65051.405012809235,1.1261356173669845,6.043703846652831,6.043703846652831,85,85,80,48,85,NA,NA,NA,NA,NA,NA,NA
threats_abuse,threats_abuse_rds,high,rds_I_excessive_hours,980000,41.473326462069366,10.548944667336574,3852883.981719647,3.9315142670608645,1,1,3852883.981719647,3.9315142670608645,0.6505140501280924,637503.7691255305,1.1261356173669845,6.043703846652831,6.043703846652831,85,85,80,48,85,2749429.89237786,5782953.539985997,2749429.89237786,5782953.539985997,529941.0814260797,735810.1744293487,NA
threats_abuse,threats_abuse_rds,high,rds_I_excessive_hours,1740000,41.473326462069366,10.548944667336574,6840834.824685904,3.9315142670608645,1,1,6840834.824685904,3.9315142670608645,0.6505140501280924,1131894.4472228808,1.1261356173669845,6.043703846652831,6.043703846652831,85,85,80,48,85,NA,NA,NA,NA,NA,NA,NA
threats_abuse,threats_abuse_rds,high,rds_I_access_to_help,50000,39.996227949984345,10.752772201812366,185981.00656890616,3.719620131378123,1,1,185981.00656890616,3.719620131378123,0.5998575003327441,29992.875016637205,1.0968856922243713,6.200839581592012,6.200839581592012,85,85,80,48,85,NA,NA,NA,NA,NA,NA,NA
threats_abuse,threats_abuse_rds,high,rds_I_access_to_help,100000,39.996227949984345,10.752772201812366,371962.0131378123,3.719620131378123,1,1,371962.0131378123,3.719620131378123,0.5998575003327441,59985.75003327441,1.0968856922243713,6.200839581592012,6.200839581592012,85,85,80,48,85,NA,NA,NA,NA,NA,NA,NA
threats_abuse,threats_abuse_rds,high,rds_I_access_to_help,980000,39.996227949984345,10.752772201812366,3645227.728750561,3.7196201313781234,1,1,3645227.728750561,3.7196201313781234,0.5998575003327441,587860.3503260892,1.0968856922243713,6.200839581592013,6.200839581592013,85,85,80,48,85,2596694.262543636,5085591.360686134,2596694.262543636,5085591.360686134,483616.6319101412,691531.0996855603,NA
threats_abuse,threats_abuse_rds,high,rds_I_access_to_help,1740000,39.996227949984345,10.752772201812366,6472139.028597935,3.7196201313781234,1,1,6472139.028597935,3.7196201313781234,0.5998575003327441,1043752.0505789748,1.0968856922243713,6.200839581592013,6.200839581592013,85,85,80,48,85,NA,NA,NA,NA,NA,NA,NA
threats_abuse,threats_abuse_rds,high,vh_980k,50000,28.758108553700577,3.560295063842905,403872.54480334703,8.07745089606694,1,1,403872.54480334703,8.07745089606694,0.5722487861393002,28612.43930696501,1.0814109978366013,14.115278339971313,14.115278339971313,85,85,80,48,85,NA,NA,NA,NA,NA,NA,NA
threats_abuse,threats_abuse_rds,high,vh_980k,100000,28.758108553700577,3.560295063842905,807745.0896066941,8.07745089606694,1,1,807745.0896066941,8.07745089606694,0.5722487861393002,57224.87861393002,1.0814109978366013,14.115278339971313,14.115278339971313,85,85,80,48,85,NA,NA,NA,NA,NA,NA,NA
threats_abuse,threats_abuse_rds,high,vh_980k,980000,28.758108553700577,3.560295063842905,7915901.878145602,8.07745089606694,1,1,7915901.878145602,8.07745089606694,0.5722487861393002,560803.8104165142,1.0814109978366013,14.115278339971313,14.115278339971313,85,85,80,48,85,4968801.634236356,11895172.39228127,4968801.634236356,11895172.39228127,411311.49791148823,720369.3263038854,NA
threats_abuse,threats_abuse_rds,high,vh_980k,1740000,28.758108553700577,3.560295063842905,14054764.559156476,8.07745089606694,1,1,14054764.559156476,8.07745089606694,0.5722487861393002,995712.8878823824,1.0814109978366013,14.115278339971312,14.115278339971312,85,85,80,48,85,NA,NA,NA,NA,NA,NA,NA
threats_abuse,threats_abuse_rds,high,vh_100k,50000,28.75810855370057,3.5602950638429047,403872.5448033469,8.077450896066939,1,1,403872.5448033469,8.077450896066939,0.5722487861393001,28612.439306965003,1.0814109978366016,14.115278339971313,14.115278339971313,85,85,80,48,85,NA,NA,NA,NA,NA,NA,NA
threats_abuse,threats_abuse_rds,high,vh_100k,100000,28.75810855370057,3.5602950638429047,807745.0896066938,8.077450896066939,1,1,807745.0896066938,8.077450896066939,0.5722487861393001,57224.87861393001,1.0814109978366016,14.115278339971313,14.115278339971313,85,85,80,48,85,NA,NA,NA,NA,NA,NA,NA
threats_abuse,threats_abuse_rds,high,vh_100k,980000,28.75810855370057,3.5602950638429047,7915901.8781456,8.077450896066939,1,1,7915901.8781456,8.077450896066939,0.5722487861393001,560803.810416514,1.0814109978366016,14.115278339971313,14.115278339971313,85,85,80,48,85,4827771.954540562,11970590.21777589,4827771.954540562,11970590.21777589,426015.7151479392,709211.9266723158,NA
threats_abuse,threats_abuse_rds,high,vh_100k,1740000,28.75810855370057,3.5602950638429047,14054764.559156474,8.077450896066939,1,1,14054764.559156474,8.077450896066939,0.5722487861393001,995712.8878823821,1.0814109978366016,14.115278339971313,14.115278339971313,85,85,80,48,85,NA,NA,NA,NA,NA,NA,NA
threats_abuse,threats_abuse_rds,high,vh_050k,50000,28.75810855370057,3.5602950638429047,403872.5448033469,8.077450896066939,1,1,403872.5448033469,8.077450896066939,0.5722487861393001,28612.439306965003,1.0814109978366016,14.115278339971313,14.115278339971313,85,85,80,48,85,NA,NA,NA,NA,NA,NA,NA
threats_abuse,threats_abuse_rds,high,vh_050k,100000,28.75810855370057,3.5602950638429047,807745.0896066938,8.077450896066939,1,1,807745.0896066938,8.077450896066939,0.5722487861393001,57224.87861393001,1.0814109978366016,14.115278339971313,14.115278339971313,85,85,80,48,85,NA,NA,NA,NA,NA,NA,NA
threats_abuse,threats_abuse_rds,high,vh_050k,980000,28.75810855370057,3.5602950638429047,7915901.8781456,8.077450896066939,1,1,7915901.8781456,8.077450896066939,0.5722487861393001,560803.810416514,1.0814109978366016,14.115278339971313,14.115278339971313,85,85,80,48,85,4884675.621424312,11555764.905303566,4884675.621424312,11555764.905303566,410052.29626145103,708435.764738073,NA
threats_abuse,threats_abuse_rds,high,vh_050k,1740000,28.75810855370057,3.5602950638429047,14054764.559156474,8.077450896066939,1,1,14054764.559156474,8.077450896066939,0.5722487861393001,995712.8878823821,1.0814109978366016,14.115278339971313,14.115278339971313,85,85,80,48,85,NA,NA,NA,NA,NA,NA,NA
threats_abuse,threats_abuse_rds,high,ss_980k,50000,28.758108553700577,3.560295063842905,403872.54480334703,8.07745089606694,1,1,403872.54480334703,8.07745089606694,0.5722487861393001,28612.439306965003,1.0814109978366013,14.115278339971317,14.115278339971317,85,85,80,48,85,NA,NA,NA,NA,NA,NA,NA
threats_abuse,threats_abuse_rds,high,ss_980k,100000,28.758108553700577,3.560295063842905,807745.0896066941,8.07745089606694,1,1,807745.0896066941,8.07745089606694,0.5722487861393001,57224.87861393001,1.0814109978366013,14.115278339971317,14.115278339971317,85,85,80,48,85,NA,NA,NA,NA,NA,NA,NA
threats_abuse,threats_abuse_rds,high,ss_980k,980000,28.758108553700577,3.560295063842905,7915901.878145602,8.07745089606694,1,1,7915901.878145602,8.07745089606694,0.5722487861393001,560803.810416514,1.0814109978366013,14.115278339971317,14.115278339971317,85,85,80,48,85,4756758.285347177,11894776.960814102,4756758.285347177,11894776.960814102,406378.2251918687,713595.4714853788,NA
threats_abuse,threats_abuse_rds,high,ss_980k,1740000,28.758108553700577,3.560295063842905,14054764.559156476,8.07745089606694,1,1,14054764.559156476,8.07745089606694,0.5722487861393001,995712.8878823821,1.0814109978366013,14.115278339971315,14.115278339971315,85,85,80,48,85,NA,NA,NA,NA,NA,NA,NA
excessive_hours,excessive_hours_rds,medium,unweighted,50000,44,10.75,204651.16279069768,4.093023255813954,1,1,204651.16279069768,4.093023255813954,0.8235294117647058,41176.470588235294,0.9682875264270613,4.970099667774087,4.970099667774087,85,85,80,66,85,NA,NA,NA,NA,NA,NA,NA
excessive_hours,excessive_hours_rds,medium,unweighted,100000,44,10.75,409302.32558139536,4.093023255813954,1,1,409302.32558139536,4.093023255813954,0.8235294117647058,82352.94117647059,0.9682875264270613,4.970099667774087,4.970099667774087,85,85,80,66,85,NA,NA,NA,NA,NA,NA,NA
excessive_hours,excessive_hours_rds,medium,unweighted,980000,44,10.75,4011162.7906976747,4.093023255813954,1,1,4011162.7906976747,4.093023255813954,0.8235294117647058,807058.8235294117,0.9682875264270613,4.970099667774087,4.970099667774087,85,85,80,66,85,2894387.514064578,5613589.277496548,2894387.514064578,5613589.277496548,726352.9411764706,887764.7058823529,NA
excessive_hours,excessive_hours_rds,medium,unweighted,1740000,44,10.75,7121860.465116279,4.093023255813954,1,1,7121860.465116279,4.093023255813954,0.8235294117647058,1432941.1764705882,0.9682875264270613,4.970099667774087,4.970099667774087,85,85,80,66,85,NA,NA,NA,NA,NA,NA,NA
excessive_hours,excessive_hours_rds,medium,rds_I_document_withholding,50000,44.75013886788114,9.07653979330714,246515.4116378083,4.9303082327561665,1,1,246515.4116378083,4.9303082327561665,0.8795352548418037,43976.762742090184,0.9503545232259266,5.605583409664401,5.605583409664401,85,85,80,66,85,NA,NA,NA,NA,NA,NA,NA
excessive_hours,excessive_hours_rds,medium,rds_I_document_withholding,100000,44.75013886788114,9.07653979330714,493030.8232756166,4.9303082327561665,1,1,493030.8232756166,4.9303082327561665,0.8795352548418037,87953.52548418037,0.9503545232259266,5.605583409664401,5.605583409664401,85,85,80,66,85,NA,NA,NA,NA,NA,NA,NA
excessive_hours,excessive_hours_rds,medium,rds_I_document_withholding,980000,44.75013886788114,9.07653979330714,4831702.068101043,4.9303082327561665,1,1,4831702.068101043,4.9303082327561665,0.8795352548418037,861944.5497449676,0.9503545232259266,5.605583409664401,5.605583409664401,85,85,80,66,85,3409089.2662322773,6923256.634709246,3409089.2662322773,6923256.634709246,793392.222965455,914830.6333683246,NA
excessive_hours,excessive_hours_rds,medium,rds_I_document_withholding,1740000,44.75013886788114,9.07653979330714,8578736.32499573,4.9303082327561665,1,1,8578736.32499573,4.9303082327561665,0.8795352548418037,1530391.3434247384,0.9503545232259266,5.605583409664402,5.605583409664402,85,85,80,66,85,NA,NA,NA,NA,NA,NA,NA
excessive_hours,excessive_hours_rds,medium,rds_I_pay_issues,50000,44.7084169651255,10.847029892539853,206085.98578618348,4.121719715723669,1,1,206085.98578618348,4.121719715723669,0.8295849386288984,41479.24693144492,0.9723575638060842,4.968411941682388,4.968411941682388,85,85,80,66,85,NA,NA,NA,NA,NA,NA,NA
excessive_hours,excessive_hours_rds,medium,rds_I_pay_issues,100000,44.7084169651255,10.847029892539853,412171.97157236695,4.121719715723669,1,1,412171.97157236695,4.121719715723669,0.8295849386288984,82958.49386288984,0.9723575638060842,4.968411941682388,4.968411941682388,85,85,80,66,85,NA,NA,NA,NA,NA,NA,NA
excessive_hours,excessive_hours_rds,medium,rds_I_pay_issues,980000,44.7084169651255,10.847029892539853,4039285.321409196,4.121719715723669,1,1,4039285.321409196,4.121719715723669,0.8295849386288984,812993.2398563204,0.9723575638060842,4.968411941682388,4.968411941682388,85,85,80,66,85,3064480.8124670573,5545677.229483511,3064480.8124670573,5545677.229483511,734516.1963380901,882453.9567521976,NA
excessive_hours,excessive_hours_rds,medium,rds_I_pay_issues,1740000,44.7084169651255,10.847029892539853,7171792.305359185,4.121719715723669,1,1,7171792.305359185,4.121719715723669,0.8295849386288984,1443477.7932142832,0.9723575638060842,4.968411941682388,4.968411941682388,85,85,80,66,85,NA,NA,NA,NA,NA,NA,NA
excessive_hours,excessive_hours_rds,medium,rds_I_threats_abuse,50000,45.21895396561718,10.886043969376916,207692.31730471036,4.153846346094207,1,1,207692.31730471036,4.153846346094207,0.8388943777178642,41944.71888589321,0.9766034326490372,4.951572517859003,4.951572517859003,85,85,80,66,85,NA,NA,NA,NA,NA,NA,NA
excessive_hours,excessive_hours_rds,medium,rds_I_threats_abuse,100000,45.21895396561718,10.886043969376916,415384.6346094207,4.153846346094207,1,1,415384.6346094207,4.153846346094207,0.8388943777178642,83889.43777178643,0.9766034326490372,4.951572517859003,4.951572517859003,85,85,80,66,85,NA,NA,NA,NA,NA,NA,NA
excessive_hours,excessive_hours_rds,medium,rds_I_threats_abuse,980000,45.21895396561718,10.886043969376916,4070769.419172323,4.153846346094207,1,1,4070769.419172323,4.153846346094207,0.8388943777178642,822116.4901635069,0.9766034326490372,4.951572517859003,4.951572517859003,85,85,80,66,85,2902348.16752294,5740858.928788646,2902348.16752294,5740858.928788646,747788.3971881112,894140.4442401318,NA
excessive_hours,excessive_hours_rds,medium,rds_I_threats_abuse,1740000,45.21895396561718,10.886043969376916,7227692.6422039205,4.153846346094207,1,1,7227692.6422039205,4.153846346094207,0.8388943777178642,1459676.2172290839,0.9766034326490372,4.951572517859003,4.951572517859003,85,85,80,66,85,NA,NA,NA,NA,NA,NA,NA
excessive_hours,excessive_hours_rds,medium,rds_I_excessive_hours,50000,45.262851253202314,10.548944667336574,214537.34321572853,4.2907468643145705,1,1,214537.34321572853,4.2907468643145705,0.9275289267343061,46376.44633671531,0.9867423934188696,4.625997896822112,4.625997896822112,85,85,80,66,85,NA,NA,NA,NA,NA,NA,NA
excessive_hours,excessive_hours_rds,medium,rds_I_excessive_hours,100000,45.262851253202314,10.548944667336574,429074.68643145706,4.2907468643145705,1,1,429074.68643145706,4.2907468643145705,0.9275289267343061,92752.89267343062,0.9867423934188696,4.625997896822112,4.625997896822112,85,85,80,66,85,NA,NA,NA,NA,NA,NA,NA
excessive_hours,excessive_hours_rds,medium,rds_I_excessive_hours,980000,45.262851253202314,10.548944667336574,4204931.927028279,4.2907468643145705,1,1,4204931.927028279,4.2907468643145705,0.9275289267343061,908978.34819962,0.9867423934188696,4.625997896822111,4.625997896822111,85,85,80,66,85,2990781.724620199,5981520.999058329,2990781.724620199,5981520.999058329,869311.7113015517,939436.0579232307,NA
excessive_hours,excessive_hours_rds,medium,rds_I_excessive_hours,1740000,45.262851253202314,10.548944667336574,7465899.543907353,4.2907468643145705,1,1,7465899.543907353,4.2907468643145705,0.9275289267343061,1613900.3325176926,0.9867423934188696,4.625997896822112,4.625997896822112,85,85,80,66,85,NA,NA,NA,NA,NA,NA,NA
excessive_hours,excessive_hours_rds,medium,rds_I_access_to_help,50000,43.99513824664649,10.752772201812366,204575.7941344241,4.091515882688482,1,1,204575.7941344241,4.091515882688482,0.8233888844111834,41169.44422055917,0.9682492251554105,4.969117218062011,4.969117218062011,85,85,80,66,85,NA,NA,NA,NA,NA,NA,NA
excessive_hours,excessive_hours_rds,medium,rds_I_access_to_help,100000,43.99513824664649,10.752772201812366,409151.5882688482,4.091515882688482,1,1,409151.5882688482,4.091515882688482,0.8233888844111834,82338.88844111834,0.9682492251554105,4.969117218062011,4.969117218062011,85,85,80,66,85,NA,NA,NA,NA,NA,NA,NA
excessive_hours,excessive_hours_rds,medium,rds_I_access_to_help,980000,43.99513824664649,10.752772201812366,4009685.565034712,4.091515882688482,1,1,4009685.565034712,4.091515882688482,0.8233888844111834,806921.1067229598,0.9682492251554105,4.96911721806201,4.96911721806201,85,85,80,66,85,2936704.004018205,5575510.049699253,2936704.004018205,5575510.049699253,726133.9951127527,887647.4531295686,NA
excessive_hours,excessive_hours_rds,medium,rds_I_access_to_help,1740000,43.99513824664649,10.752772201812366,7119237.6358779585,4.091515882688482,1,1,7119237.6358779585,4.091515882688482,0.8233888844111834,1432696.658875459,0.9682492251554105,4.96911721806201,4.96911721806201,85,85,80,66,85,NA,NA,NA,NA,NA,NA,NA
excessive_hours,excessive_hours_rds,medium,vh_980k,50000,31.163782797195406,3.560295063842905,437657.30421733495,8.7531460843467,1,1,437657.30421733495,8.7531460843467,0.8372845296636366,41864.22648318183,0.984110923058117,10.454207350353304,10.454207350353304,85,85,80,66,85,NA,NA,NA,NA,NA,NA,NA
excessive_hours,excessive_hours_rds,medium,vh_980k,100000,31.163782797195406,3.560295063842905,875314.6084346699,8.7531460843467,1,1,875314.6084346699,8.7531460843467,0.8372845296636366,83728.45296636366,0.984110923058117,10.454207350353304,10.454207350353304,85,85,80,66,85,NA,NA,NA,NA,NA,NA,NA
excessive_hours,excessive_hours_rds,medium,vh_980k,980000,31.163782797195406,3.560295063842905,8578083.162659766,8.7531460843467,1,1,8578083.162659766,8.7531460843467,0.8372845296636366,820538.8390703639,0.984110923058117,10.454207350353306,10.454207350353306,85,85,80,66,85,5703090.575877637,11779267.480896411,5703090.575877637,11779267.480896411,705400.683076016,917087.7271326717,NA
excessive_hours,excessive_hours_rds,medium,vh_980k,1740000,31.163782797195406,3.560295063842905,15230474.186763257,8.7531460843467,1,1,15230474.186763257,8.7531460843467,0.8372845296636366,1456875.0816147279,0.984110923058117,10.454207350353304,10.454207350353304,85,85,80,66,85,NA,NA,NA,NA,NA,NA,NA
excessive_hours,excessive_hours_rds,medium,vh_100k,50000,31.1637827971954,3.5602950638429047,437657.3042173349,8.753146084346698,1,1,437657.3042173349,8.753146084346698,0.8372845296636365,41864.226483181825,0.9841109230581171,10.454207350353304,10.454207350353304,85,85,80,66,85,NA,NA,NA,NA,NA,NA,NA
excessive_hours,excessive_hours_rds,medium,vh_100k,100000,31.1637827971954,3.5602950638429047,875314.6084346698,8.753146084346698,1,1,875314.6084346698,8.753146084346698,0.8372845296636365,83728.45296636365,0.9841109230581171,10.454207350353304,10.454207350353304,85,85,80,66,85,NA,NA,NA,NA,NA,NA,NA
excessive_hours,excessive_hours_rds,medium,vh_100k,980000,31.1637827971954,3.5602950638429047,8578083.162659764,8.753146084346698,1,1,8578083.162659764,8.753146084346698,0.8372845296636365,820538.8390703638,0.9841109230581171,10.454207350353304,10.454207350353304,85,85,80,66,85,5555610.653863699,12060108.791535657,5555610.653863699,12060108.791535657,705945.1467093896,911631.8624421309,NA
excessive_hours,excessive_hours_rds,medium,vh_100k,1740000,31.1637827971954,3.5602950638429047,15230474.186763255,8.753146084346698,1,1,15230474.186763255,8.753146084346698,0.8372845296636365,1456875.0816147276,0.9841109230581171,10.454207350353304,10.454207350353304,85,85,80,66,85,NA,NA,NA,NA,NA,NA,NA
excessive_hours,excessive_hours_rds,medium,vh_050k,50000,31.1637827971954,3.5602950638429047,437657.3042173349,8.753146084346698,1,1,437657.3042173349,8.753146084346698,0.8372845296636365,41864.226483181825,0.9841109230581171,10.454207350353304,10.454207350353304,85,85,80,66,85,NA,NA,NA,NA,NA,NA,NA
excessive_hours,excessive_hours_rds,medium,vh_050k,100000,31.1637827971954,3.5602950638429047,875314.6084346698,8.753146084346698,1,1,875314.6084346698,8.753146084346698,0.8372845296636365,83728.45296636365,0.9841109230581171,10.454207350353304,10.454207350353304,85,85,80,66,85,NA,NA,NA,NA,NA,NA,NA
excessive_hours,excessive_hours_rds,medium,vh_050k,980000,31.1637827971954,3.5602950638429047,8578083.162659764,8.753146084346698,1,1,8578083.162659764,8.753146084346698,0.8372845296636365,820538.8390703638,0.9841109230581171,10.454207350353304,10.454207350353304,85,85,80,66,85,5565055.827773584,12224916.26521205,5565055.827773584,12224916.26521205,706244.0979651001,911997.0258999446,NA
excessive_hours,excessive_hours_rds,medium,vh_050k,1740000,31.1637827971954,3.5602950638429047,15230474.186763255,8.753146084346698,1,1,15230474.186763255,8.753146084346698,0.8372845296636365,1456875.0816147276,0.9841109230581171,10.454207350353304,10.454207350353304,85,85,80,66,85,NA,NA,NA,NA,NA,NA,NA
excessive_hours,excessive_hours_rds,medium,ss_980k,50000,31.163782797195406,3.560295063842905,437657.30421733495,8.7531460843467,1,1,437657.30421733495,8.7531460843467,0.8372845296636366,41864.22648318183,0.984110923058117,10.454207350353304,10.454207350353304,85,85,80,66,85,NA,NA,NA,NA,NA,NA,NA
excessive_hours,excessive_hours_rds,medium,ss_980k,100000,31.163782797195406,3.560295063842905,875314.6084346699,8.7531460843467,1,1,875314.6084346699,8.7531460843467,0.8372845296636366,83728.45296636366,0.984110923058117,10.454207350353304,10.454207350353304,85,85,80,66,85,NA,NA,NA,NA,NA,NA,NA
excessive_hours,excessive_hours_rds,medium,ss_980k,980000,31.163782797195406,3.560295063842905,8578083.162659766,8.7531460843467,1,1,8578083.162659766,8.7531460843467,0.8372845296636366,820538.8390703639,0.984110923058117,10.454207350353306,10.454207350353306,85,85,80,66,85,5658993.349907834,12282151.62709209,5658993.349907834,12282151.62709209,706570.1743869595,915627.6345419803,NA
excessive_hours,excessive_hours_rds,medium,ss_980k,1740000,31.163782797195406,3.560295063842905,15230474.186763257,8.7531460843467,1,1,15230474.186763257,8.7531460843467,0.8372845296636366,1456875.0816147279,0.984110923058117,10.454207350353304,10.454207350353304,85,85,80,66,85,NA,NA,NA,NA,NA,NA,NA
access_to_help,access_to_help_rds,lowest,unweighted,50000,34,10.75,158139.53488372092,3.1627906976744184,1,1,158139.53488372092,3.1627906976744184,0.5764705882352941,28823.529411764703,1.1286821705426355,5.486473659231135,5.486473659231135,85,85,80,45,85,NA,NA,NA,NA,NA,NA,NA
access_to_help,access_to_help_rds,lowest,unweighted,100000,34,10.75,316279.06976744183,3.1627906976744184,1,1,316279.06976744183,3.1627906976744184,0.5764705882352941,57647.058823529405,1.1286821705426355,5.486473659231135,5.486473659231135,85,85,80,45,85,NA,NA,NA,NA,NA,NA,NA
access_to_help,access_to_help_rds,lowest,unweighted,980000,34,10.75,3099534.88372093,3.1627906976744184,1,1,3099534.88372093,3.1627906976744184,0.5764705882352941,564941.1764705882,1.1286821705426355,5.486473659231135,5.486473659231135,85,85,80,45,85,2031948.90329013,4492698.793161247,2031948.90329013,4492698.793161247,449647.0588235294,668705.8823529412,NA
access_to_help,access_to_help_rds,lowest,unweighted,1740000,34,10.75,5503255.813953488,3.1627906976744184,1,1,5503255.813953488,3.1627906976744184,0.5764705882352941,1003058.8235294117,1.1286821705426355,5.486473659231135,5.486473659231135,85,85,80,45,85,NA,NA,NA,NA,NA,NA,NA
access_to_help,access_to_help_rds,lowest,rds_I_document_withholding,50000,33.019049172770856,9.07653979330714,181892.2735132966,3.637845470265932,1,1,181892.2735132966,3.637845470265932,0.5810528844870566,29052.64422435283,1.1061552675897381,6.260782051667051,6.260782051667051,85,85,80,45,85,NA,NA,NA,NA,NA,NA,NA
access_to_help,access_to_help_rds,lowest,rds_I_document_withholding,100000,33.019049172770856,9.07653979330714,363784.5470265932,3.637845470265932,1,1,363784.5470265932,3.637845470265932,0.5810528844870566,58105.28844870566,1.1061552675897381,6.260782051667051,6.260782051667051,85,85,80,45,85,NA,NA,NA,NA,NA,NA,NA
access_to_help,access_to_help_rds,lowest,rds_I_document_withholding,980000,33.019049172770856,9.07653979330714,3565088.5608606134,3.637845470265932,1,1,3565088.5608606134,3.637845470265932,0.5810528844870566,569431.8267973155,1.1061552675897381,6.26078205166705,6.26078205166705,85,85,80,45,85,2373324.9281048044,5242829.639206298,2373324.9281048044,5242829.639206298,448312.33705733146,682362.4573454404,NA
access_to_help,access_to_help_rds,lowest,rds_I_document_withholding,1740000,33.019049172770856,9.07653979330714,6329851.118262721,3.6378454702659315,1,1,6329851.118262721,3.6378454702659315,0.5810528844870566,1011032.0190074785,1.1061552675897381,6.26078205166705,6.26078205166705,85,85,80,45,85,NA,NA,NA,NA,NA,NA,NA
access_to_help,access_to_help_rds,lowest,rds_I_pay_issues,50000,34.437511815937945,10.847029892539853,158741.66549325484,3.1748333098650967,1,1,158741.66549325484,3.1748333098650967,0.5755622592056647,28778.112960283237,1.1231862854198809,5.5160554033662565,5.5160554033662565,85,85,80,45,85,NA,NA,NA,NA,NA,NA,NA
access_to_help,access_to_help_rds,lowest,rds_I_pay_issues,100000,34.437511815937945,10.847029892539853,317483.3309865097,3.1748333098650967,1,1,317483.3309865097,3.1748333098650967,0.5755622592056647,57556.225920566474,1.1231862854198809,5.5160554033662565,5.5160554033662565,85,85,80,45,85,NA,NA,NA,NA,NA,NA,NA
access_to_help,access_to_help_rds,lowest,rds_I_pay_issues,980000,34.437511815937945,10.847029892539853,3111336.6436677948,3.1748333098650967,1,1,3111336.6436677948,3.1748333098650967,0.5755622592056647,564051.0140215515,1.1231862854198809,5.516055403366256,5.516055403366256,85,85,80,45,85,2075372.669417677,4545133.9715455435,2075372.669417677,4545133.9715455435,449029.6715920746,665429.7039997849,NA
access_to_help,access_to_help_rds,lowest,rds_I_pay_issues,1740000,34.437511815937945,10.847029892539853,5524209.959165269,3.1748333098650967,1,1,5524209.959165269,3.1748333098650967,0.5755622592056647,1001478.3310178566,1.1231862854198809,5.5160554033662565,5.5160554033662565,85,85,80,45,85,NA,NA,NA,NA,NA,NA,NA
access_to_help,access_to_help_rds,lowest,rds_I_threats_abuse,50000,34.34827256160489,10.886043969376916,157762.87813198534,3.155257562639707,1,1,157762.87813198534,3.155257562639707,0.5677637741951712,28388.18870975856,1.1284641523042378,5.5573421659605104,5.5573421659605104,85,85,80,45,85,NA,NA,NA,NA,NA,NA,NA
access_to_help,access_to_help_rds,lowest,rds_I_threats_abuse,100000,34.34827256160489,10.886043969376916,315525.7562639707,3.155257562639707,1,1,315525.7562639707,3.155257562639707,0.5677637741951712,56776.37741951712,1.1284641523042378,5.5573421659605104,5.5573421659605104,85,85,80,45,85,NA,NA,NA,NA,NA,NA,NA
access_to_help,access_to_help_rds,lowest,rds_I_threats_abuse,980000,34.34827256160489,10.886043969376916,3092152.4113869127,3.155257562639707,1,1,3092152.4113869127,3.155257562639707,0.5677637741951712,556408.4987112678,1.1284641523042378,5.55734216596051,5.55734216596051,85,85,80,45,85,2077954.8125964832,4411347.8197611915,2077954.8125964832,4411347.8197611915,451711.40135742136,653371.0869627297,NA
access_to_help,access_to_help_rds,lowest,rds_I_threats_abuse,1740000,34.34827256160489,10.886043969376916,5490148.1589930905,3.155257562639707,1,1,5490148.1589930905,3.155257562639707,0.5677637741951712,987908.9670995979,1.1284641523042378,5.5573421659605104,5.5573421659605104,85,85,80,45,85,NA,NA,NA,NA,NA,NA,NA
access_to_help,access_to_help_rds,lowest,rds_I_excessive_hours,50000,34.000000000000014,10.548944667336574,161153.56119592022,3.2230712239184043,1,1,161153.56119592022,3.2230712239184043,0.548242148457832,27412.1074228916,1.1239956116825731,5.878919074326345,5.878919074326345,85,85,80,45,85,NA,NA,NA,NA,NA,NA,NA
access_to_help,access_to_help_rds,lowest,rds_I_excessive_hours,100000,34.000000000000014,10.548944667336574,322307.12239184044,3.2230712239184043,1,1,322307.12239184044,3.2230712239184043,0.548242148457832,54824.2148457832,1.1239956116825731,5.878919074326345,5.878919074326345,85,85,80,45,85,NA,NA,NA,NA,NA,NA,NA
access_to_help,access_to_help_rds,lowest,rds_I_excessive_hours,980000,34.000000000000014,10.548944667336574,3158609.799440036,3.2230712239184043,1,1,3158609.799440036,3.2230712239184043,0.548242148457832,537277.3054886754,1.1239956116825731,5.878919074326345,5.878919074326345,85,85,80,45,85,2118593.2817703187,4582669.825191905,2118593.2817703187,4582669.825191905,428569.8199939083,640173.3146636266,NA
access_to_help,access_to_help_rds,lowest,rds_I_excessive_hours,1740000,34.000000000000014,10.548944667336574,5608143.929618023,3.2230712239184043,1,1,5608143.929618023,3.2230712239184043,0.548242148457832,953941.3383166278,1.1239956116825731,5.878919074326344,5.878919074326344,85,85,80,45,85,NA,NA,NA,NA,NA,NA,NA
access_to_help,access_to_help_rds,lowest,rds_I_access_to_help,50000,33.990737521628326,10.752772201812366,158055.6943069027,3.161113886138054,1,1,158055.6943069027,3.161113886138054,0.5773403785918326,28867.01892959163,1.1283911818840797,5.475303656827534,5.475303656827534,85,85,80,45,85,NA,NA,NA,NA,NA,NA,NA
access_to_help,access_to_help_rds,lowest,rds_I_access_to_help,100000,33.990737521628326,10.752772201812366,316111.3886138054,3.161113886138054,1,1,316111.3886138054,3.161113886138054,0.5773403785918326,57734.03785918326,1.1283911818840797,5.475303656827534,5.475303656827534,85,85,80,45,85,NA,NA,NA,NA,NA,NA,NA
access_to_help,access_to_help_rds,lowest,rds_I_access_to_help,980000,33.990737521628326,10.752772201812366,3097891.6084152926,3.1611138861380534,1,1,3097891.6084152926,3.1611138861380534,0.5773403785918326,565793.571019996,1.1283911818840797,5.475303656827533,5.475303656827533,85,85,80,45,85,2067435.8511420125,4478511.309108178,2067435.8511420125,4478511.309108178,473577.89795795945,669462.3146330903,NA
access_to_help,access_to_help_rds,lowest,rds_I_access_to_help,1740000,33.990737521628326,10.752772201812366,5500338.161880214,3.161113886138054,1,1,5500338.161880214,3.161113886138054,0.5773403785918326,1004572.2587497887,1.1283911818840797,5.475303656827534,5.475303656827534,85,85,80,45,85,NA,NA,NA,NA,NA,NA,NA
access_to_help,access_to_help_rds,lowest,vh_980k,50000,21.938036011250478,3.560295063842905,308092.94760489656,6.161858952097931,1,1,308092.94760489656,6.161858952097931,0.593632888454803,29681.64442274015,0.9742730934042754,10.379915048401285,10.379915048401285,85,85,80,45,85,NA,NA,NA,NA,NA,NA,NA
access_to_help,access_to_help_rds,lowest,vh_980k,100000,21.938036011250478,3.560295063842905,616185.8952097931,6.161858952097931,1,1,616185.8952097931,6.161858952097931,0.593632888454803,59363.2888454803,0.9742730934042754,10.379915048401285,10.379915048401285,85,85,80,45,85,NA,NA,NA,NA,NA,NA,NA
access_to_help,access_to_help_rds,lowest,vh_980k,980000,21.938036011250478,3.560295063842905,6038621.7730559725,6.161858952097931,1,1,6038621.7730559725,6.161858952097931,0.593632888454803,581760.230685707,0.9742730934042754,10.379915048401285,10.379915048401285,85,85,80,45,85,3559676.9702904867,9410944.197944704,3559676.9702904867,9410944.197944704,425704.69040280004,722267.3874513314,NA
access_to_help,access_to_help_rds,lowest,vh_980k,1740000,21.938036011250478,3.560295063842905,10721634.5766504,6.161858952097931,1,1,10721634.5766504,6.161858952097931,0.593632888454803,1032921.2259113572,0.9742730934042754,10.379915048401285,10.379915048401285,85,85,80,45,85,NA,NA,NA,NA,NA,NA,NA
access_to_help,access_to_help_rds,lowest,vh_100k,50000,21.93803601125047,3.5602950638429047,308092.94760489644,6.161858952097929,1,1,308092.94760489644,6.161858952097929,0.5936328884548029,29681.644422740144,0.9742730934042755,10.379915048401283,10.379915048401283,85,85,80,45,85,NA,NA,NA,NA,NA,NA,NA
access_to_help,access_to_help_rds,lowest,vh_100k,100000,21.93803601125047,3.5602950638429047,616185.8952097929,6.161858952097929,1,1,616185.8952097929,6.161858952097929,0.5936328884548029,59363.28884548029,0.9742730934042755,10.379915048401283,10.379915048401283,85,85,80,45,85,NA,NA,NA,NA,NA,NA,NA
access_to_help,access_to_help_rds,lowest,vh_100k,980000,21.93803601125047,3.5602950638429047,6038621.773055971,6.161858952097929,1,1,6038621.773055971,6.161858952097929,0.5936328884548029,581760.2306857068,0.9742730934042755,10.379915048401283,10.379915048401283,85,85,80,45,85,3233775.271837892,9242046.394181803,3233775.271837892,9242046.394181803,425751.83449655515,724003.9063525614,NA
access_to_help,access_to_help_rds,lowest,vh_100k,1740000,21.93803601125047,3.5602950638429047,10721634.576650396,6.161858952097929,1,1,10721634.576650396,6.161858952097929,0.5936328884548029,1032921.225911357,0.9742730934042755,10.379915048401283,10.379915048401283,85,85,80,45,85,NA,NA,NA,NA,NA,NA,NA
access_to_help,access_to_help_rds,lowest,vh_050k,50000,21.93803601125047,3.5602950638429047,308092.94760489644,6.161858952097929,1,1,308092.94760489644,6.161858952097929,0.5936328884548029,29681.644422740144,0.9742730934042755,10.379915048401283,10.379915048401283,85,85,80,45,85,NA,NA,NA,NA,NA,NA,NA
access_to_help,access_to_help_rds,lowest,vh_050k,100000,21.93803601125047,3.5602950638429047,616185.8952097929,6.161858952097929,1,1,616185.8952097929,6.161858952097929,0.5936328884548029,59363.28884548029,0.9742730934042755,10.379915048401283,10.379915048401283,85,85,80,45,85,NA,NA,NA,NA,NA,NA,NA
access_to_help,access_to_help_rds,lowest,vh_050k,980000,21.93803601125047,3.5602950638429047,6038621.773055971,6.161858952097929,1,1,6038621.773055971,6.161858952097929,0.5936328884548029,581760.2306857068,0.9742730934042755,10.379915048401283,10.379915048401283,85,85,80,45,85,3406301.850613285,9093655.772272369,3406301.850613285,9093655.772272369,432648.2350204352,716947.3961974186,NA
access_to_help,access_to_help_rds,lowest,vh_050k,1740000,21.93803601125047,3.5602950638429047,10721634.576650396,6.161858952097929,1,1,10721634.576650396,6.161858952097929,0.5936328884548029,1032921.225911357,0.9742730934042755,10.379915048401283,10.379915048401283,85,85,80,45,85,NA,NA,NA,NA,NA,NA,NA
access_to_help,access_to_help_rds,lowest,ss_980k,50000,21.938036011250478,3.560295063842905,308092.94760489656,6.161858952097931,1,1,308092.94760489656,6.161858952097931,0.593632888454803,29681.64442274015,0.9742730934042754,10.379915048401285,10.379915048401285,85,85,80,45,85,NA,NA,NA,NA,NA,NA,NA
access_to_help,access_to_help_rds,lowest,ss_980k,100000,21.938036011250478,3.560295063842905,616185.8952097931,6.161858952097931,1,1,616185.8952097931,6.161858952097931,0.593632888454803,59363.2888454803,0.9742730934042754,10.379915048401285,10.379915048401285,85,85,80,45,85,NA,NA,NA,NA,NA,NA,NA
access_to_help,access_to_help_rds,lowest,ss_980k,980000,21.938036011250478,3.560295063842905,6038621.7730559725,6.161858952097931,1,1,6038621.7730559725,6.161858952097931,0.593632888454803,581760.230685707,0.9742730934042754,10.379915048401285,10.379915048401285,85,85,80,45,85,3529581.1521724216,9243936.429921519,3529581.1521724216,9243936.429921519,433375.9843752772,721983.5431007707,NA
access_to_help,access_to_help_rds,lowest,ss_980k,1740000,21.938036011250478,3.560295063842905,10721634.5766504,6.161858952097931,1,1,10721634.5766504,6.161858952097931,0.593632888454803,1032921.2259113572,0.9742730934042754,10.379915048401285,10.379915048401285,85,85,80,45,85,NA,NA,NA,NA,NA,NA,NA
