indicator_name,indicator,confidence_level,scheme,N_F,y_FH,v_HF,NSUM_estimate,NSUM_prevalence,rds_prevalence,rds_estimate,nsum_rds_ratio,n_total,n_out_reports,n_hidden_visibility,n_rds,nsum_ci_lower,nsum_ci_upper,rds_ci_lower,rds_ci_upper,error
document_withholding,document_withholding_rds,highest,unweighted,50000,25,5.35,4.672897196261682,9.345794392523364e-5,0.25882352941176473,12941.176470588236,3.6108751062022086e-4,85,85,20,85,NA,NA,NA,NA,NA
document_withholding,document_withholding_rds,highest,unweighted,100000,25,5.35,4.672897196261682,4.672897196261682e-5,0.25882352941176473,25882.352941176472,1.8054375531011043e-4,85,85,20,85,NA,NA,NA,NA,NA
document_withholding,document_withholding_rds,highest,unweighted,980000,25,5.35,4.672897196261682,4.768262445164982e-6,0.25882352941176473,253647.05882352943,1.8422832174501066e-5,85,85,20,85,2.375,9.00174418604651,161411.76470588235,345882.3529411765,NA
document_withholding,document_withholding_rds,highest,unweighted,1740000,25,5.35,4.672897196261682,2.6855731012998174e-6,0.25882352941176473,450352.9411764706,1.0376077891385658e-5,85,85,20,85,NA,NA,NA,NA,NA
document_withholding,document_withholding_rds,highest,rds_I_document_withholding,50000,0.31618055493768027,5.349999999999999,0.05909916914722997,1.1819833829445994e-6,0.4940480703355758,24702.40351677879,2.392446107808401e-6,85,85,20,85,NA,NA,NA,NA,NA
document_withholding,document_withholding_rds,highest,rds_I_document_withholding,100000,0.31618055493768027,5.349999999999999,0.05909916914722997,5.909916914722997e-7,0.4940480703355758,49404.80703355758,1.1962230539042004e-6,85,85,20,85,NA,NA,NA,NA,NA
document_withholding,document_withholding_rds,highest,rds_I_document_withholding,980000,0.31618055493768027,5.349999999999999,0.05909916914722997,6.030527464003059e-8,0.4940480703355758,484167.1089288643,1.2206357692900003e-7,85,85,20,85,0.030159429366721485,0.1159784105476462,366720.92531726474,591917.1026903054,NA
document_withholding,document_withholding_rds,highest,rds_I_document_withholding,1740000,0.31618055493768027,5.349999999999999,0.05909916914722997,3.396503973978734e-8,0.4940480703355758,859643.6423839019,6.874845137380462e-8,85,85,20,85,NA,NA,NA,NA,NA
document_withholding,document_withholding_rds,highest,rds_I_pay_issues,50000,0.2953128168346511,5.438774667841166,0.05429767454437872,1.0859534908875744e-6,0.263667950903119,13183.39754515595,4.118640461110089e-6,85,85,20,85,NA,NA,NA,NA,NA
document_withholding,document_withholding_rds,highest,rds_I_pay_issues,100000,0.2953128168346511,5.438774667841166,0.05429767454437872,5.429767454437872e-7,0.263667950903119,26366.7950903119,2.0593202305550444e-6,85,85,20,85,NA,NA,NA,NA,NA
document_withholding,document_withholding_rds,highest,rds_I_pay_issues,980000,0.2953128168346511,5.438774667841166,0.05429767454437872,5.540579035140686e-8,0.263667950903119,258394.59188505664,2.1013471740357597e-7,85,85,20,85,0.02904625722214317,0.11232520536888091,164862.7973808663,346856.4201005788,NA
document_withholding,document_withholding_rds,highest,rds_I_pay_issues,1740000,0.2953128168346511,5.438774667841166,0.05429767454437872,3.1205560082976274e-8,0.263667950903119,458782.23457142705,1.1835173738822095e-7,85,85,20,85,NA,NA,NA,NA,NA
document_withholding,document_withholding_rds,highest,rds_I_threats_abuse,50000,0.30436095769426225,5.4584665903623435,0.055759424859657916,1.1151884971931583e-6,0.271115502174291,13555.77510871455,4.113333572774608e-6,85,85,20,85,NA,NA,NA,NA,NA
document_withholding,document_withholding_rds,highest,rds_I_threats_abuse,100000,0.30436095769426225,5.4584665903623435,0.055759424859657916,5.575942485965791e-7,0.271115502174291,27111.5502174291,2.056666786387304e-6,85,85,20,85,NA,NA,NA,NA,NA
document_withholding,document_withholding_rds,highest,rds_I_threats_abuse,980000,0.30436095769426225,5.4584665903623435,0.055759424859657916,5.6897372305773384e-8,0.271115502174291,265693.19213080517,2.0986395779462285e-7,85,85,20,85,0.02959302985988672,0.11328447299527968,171762.73922365837,359550.29034098913,NA
document_withholding,document_withholding_rds,highest,rds_I_threats_abuse,1740000,0.30436095769426225,5.4584665903623435,0.055759424859657916,3.2045646471067766e-8,0.271115502174291,471740.9737832663,1.1819924059697149e-7,85,85,20,85,NA,NA,NA,NA,NA
document_withholding,document_withholding_rds,highest,rds_I_excessive_hours,50000,0.314422314267174,5.3500000000000005,0.058770526031247466,1.1754105206249494e-6,0.2915090912593533,14575.454562967665,4.032157335289402e-6,85,85,20,85,NA,NA,NA,NA,NA
document_withholding,document_withholding_rds,highest,rds_I_excessive_hours,100000,0.314422314267174,5.3500000000000005,0.058770526031247466,5.877052603124747e-7,0.2915090912593533,29150.90912593533,2.016078667644701e-6,85,85,20,85,NA,NA,NA,NA,NA
document_withholding,document_withholding_rds,highest,rds_I_excessive_hours,980000,0.314422314267174,5.3500000000000005,0.058770526031247466,5.996992452168108e-8,0.2915090912593533,285678.9094341663,2.057223130249695e-7,85,85,20,85,0.031735263518929316,0.11116491618327531,189868.48572168444,386387.88355964556,NA
document_withholding,document_withholding_rds,highest,rds_I_excessive_hours,1740000,0.314422314267174,5.3500000000000005,0.058770526031247466,3.37761643857744e-8,0.2915090912593533,507225.8187912748,1.1586659009452305e-7,85,85,20,85,NA,NA,NA,NA,NA
document_withholding,document_withholding_rds,highest,rds_I_access_to_help,50000,0.2939746543131341,5.349848579824431,0.054950088759854514,1.0990017751970903e-6,0.25883684252946637,12941.842126473319,4.245924824523303e-6,85,85,20,85,NA,NA,NA,NA,NA
document_withholding,document_withholding_rds,highest,rds_I_access_to_help,100000,0.2939746543131341,5.349848579824431,0.054950088759854514,5.495008875985452e-7,0.25883684252946637,25883.684252946638,2.1229624122616513e-6,85,85,20,85,NA,NA,NA,NA,NA
document_withholding,document_withholding_rds,highest,rds_I_access_to_help,980000,0.2939746543131341,5.349848579824431,0.054950088759854514,5.607151914270869e-8,0.25883684252946637,253660.10567887704,2.1662881757771953e-7,85,85,20,85,0.029372907589778736,0.10696945675446912,172907.29253585284,345994.1570989637,NA
document_withholding,document_withholding_rds,highest,rds_I_access_to_help,1740000,0.2939746543131341,5.349848579824431,0.054950088759854514,3.158051078152558e-8,0.25883684252946637,450376.10600127146,1.2200933403802594e-7,85,85,20,85,NA,NA,NA,NA,NA
document_withholding,document_withholding_rds,highest,vh_980k,50000,235763.9645408973,2.4724699063753905,95355.64575850562,1.9071129151701125,0.34244496558616244,17122.24827930812,5.569107759857736,85,85,20,85,NA,NA,NA,NA,NA
document_withholding,document_withholding_rds,highest,vh_980k,100000,235763.9645408973,2.4724699063753905,95355.64575850562,0.9535564575850562,0.34244496558616244,34244.49655861624,2.784553879928868,85,85,20,85,NA,NA,NA,NA,NA
document_withholding,document_withholding_rds,highest,vh_980k,980000,235763.9645408973,2.4724699063753905,95355.64575850562,0.0973016793454139,0.34244496558616244,335596.0662744392,0.28413815101314976,85,85,20,85,45118.514244982296,153774.9043590076,187391.1841037392,479309.35244340973,NA
document_withholding,document_withholding_rds,highest,vh_980k,1740000,235763.9645408973,2.4724699063753905,95355.64575850562,0.054802095263508974,0.34244496558616244,595854.2401199227,0.16003183217981998,85,85,20,85,NA,NA,NA,NA,NA
document_withholding,document_withholding_rds,highest,vh_100k,50000,24057.547402132357,2.47246990637539,9730.167934541383,0.19460335869082765,0.3424449655861622,17122.24827930811,0.5682763020262995,85,85,20,85,NA,NA,NA,NA,NA
document_withholding,document_withholding_rds,highest,vh_100k,100000,24057.547402132357,2.47246990637539,9730.167934541383,0.09730167934541382,0.3424449655861622,34244.49655861622,0.28413815101314976,85,85,20,85,NA,NA,NA,NA,NA
document_withholding,document_withholding_rds,highest,vh_100k,980000,24057.547402132357,2.47246990637539,9730.167934541383,0.00992874279034835,0.3424449655861622,335596.066274439,0.02899368887889283,85,85,20,85,4524.320689757617,15441.08762808376,185767.9638551911,483671.4049905371,NA
document_withholding,document_withholding_rds,highest,vh_100k,1740000,24057.547402132357,2.47246990637539,9730.167934541383,0.005592050537092749,0.3424449655861622,595854.2401199222,0.016329778793859183,85,85,20,85,NA,NA,NA,NA,NA
document_withholding,document_withholding_rds,highest,vh_050k,50000,12028.773701066179,2.47246990637539,4865.083967270692,0.09730167934541382,0.3424449655861622,17122.24827930811,0.28413815101314976,85,85,20,85,NA,NA,NA,NA,NA
document_withholding,document_withholding_rds,highest,vh_050k,100000,12028.773701066179,2.47246990637539,4865.083967270692,0.04865083967270691,0.3424449655861622,34244.49655861622,0.14206907550657488,85,85,20,85,NA,NA,NA,NA,NA
document_withholding,document_withholding_rds,highest,vh_050k,980000,12028.773701066179,2.47246990637539,4865.083967270692,0.004964371395174175,0.3424449655861622,335596.066274439,0.014496844439446415,85,85,20,85,2396.3698563086414,8056.84036285919,184266.5272553335,487125.05579655565,NA
document_withholding,document_withholding_rds,highest,vh_050k,1740000,12028.773701066179,2.47246990637539,4865.083967270692,0.0027960252685463745,0.3424449655861622,595854.2401199222,0.008164889396929591,85,85,20,85,NA,NA,NA,NA,NA
document_withholding,document_withholding_rds,highest,ss_980k,50000,235763.9645408973,2.4724699063753905,95355.64575850562,1.9071129151701125,0.34244496558616244,17122.24827930812,5.569107759857736,85,85,20,85,NA,NA,NA,NA,NA
document_withholding,document_withholding_rds,highest,ss_980k,100000,235763.9645408973,2.4724699063753905,95355.64575850562,0.9535564575850562,0.34244496558616244,34244.49655861624,2.784553879928868,85,85,20,85,NA,NA,NA,NA,NA
document_withholding,document_withholding_rds,highest,ss_980k,980000,235763.9645408973,2.4724699063753905,95355.64575850562,0.0973016793454139,0.34244496558616244,335596.0662744392,0.28413815101314976,85,85,20,85,44640.21166828475,153691.8064230671,191433.8276048477,481383.9698131713,NA
document_withholding,document_withholding_rds,highest,ss_980k,1740000,235763.9645408973,2.4724699063753905,95355.64575850562,0.054802095263508974,0.34244496558616244,595854.2401199227,0.16003183217981998,85,85,20,85,NA,NA,NA,NA,NA
document_withholding,document_withholding_rds,highest,ss_100k,50000,24057.5474021324,2.4724699063753905,9730.1679345414,0.19460335869082798,0.34244496558616244,17122.24827930812,0.5682763020263001,85,85,20,85,NA,NA,NA,NA,NA
document_withholding,document_withholding_rds,highest,ss_100k,100000,24057.5474021324,2.4724699063753905,9730.1679345414,0.09730167934541399,0.34244496558616244,34244.49655861624,0.28413815101315004,85,85,20,85,NA,NA,NA,NA,NA
document_withholding,document_withholding_rds,highest,ss_100k,980000,24057.5474021324,2.4724699063753905,9730.1679345414,0.009928742790348367,0.34244496558616244,335596.0662744392,0.02899368887889286,85,85,20,85,4628.674333153669,16086.994790640865,194775.83365712257,491944.43721347133,NA
document_withholding,document_withholding_rds,highest,ss_100k,1740000,24057.5474021324,2.4724699063753905,9730.1679345414,0.005592050537092759,0.34244496558616244,595854.2401199227,0.016329778793859197,85,85,20,85,NA,NA,NA,NA,NA
document_withholding,document_withholding_rds,highest,ss_050k,50000,12028.7737010662,2.4724699063753905,4865.0839672707,0.09730167934541399,0.34244496558616244,17122.24827930812,0.28413815101315004,85,85,20,85,NA,NA,NA,NA,NA
document_withholding,document_withholding_rds,highest,ss_050k,100000,12028.7737010662,2.4724699063753905,4865.0839672707,0.048650839672706996,0.34244496558616244,34244.49655861624,0.14206907550657502,85,85,20,85,NA,NA,NA,NA,NA
document_withholding,document_withholding_rds,highest,ss_050k,980000,12028.7737010662,2.4724699063753905,4865.0839672707,0.004964371395174184,0.34244496558616244,335596.0662744392,0.01449684443944643,85,85,20,85,2564.2697313865533,8098.768728526381,204892.81737832873,488299.1208495185,NA
document_withholding,document_withholding_rds,highest,ss_050k,1740000,12028.7737010662,2.4724699063753905,4865.0839672707,0.0027960252685463793,0.34244496558616244,595854.2401199227,0.008164889396929598,85,85,20,85,NA,NA,NA,NA,NA
document_withholding,document_withholding_rds,highest,ss_1740k,50000,418601.324797104,2.472469906375389,169304.92206102054,3.386098441220411,0.34244496558616233,17122.248279308118,9.888007655257635,85,85,20,85,NA,NA,NA,NA,NA
document_withholding,document_withholding_rds,highest,ss_1740k,100000,418601.324797104,2.472469906375389,169304.92206102054,1.6930492206102055,0.34244496558616233,34244.496558616236,4.944003827628817,85,85,20,85,NA,NA,NA,NA,NA
document_withholding,document_withholding_rds,highest,ss_1740k,980000,418601.324797104,2.472469906375389,169304.92206102054,0.17276012455206177,0.34244496558616233,335596.0662744391,0.5044901864927365,85,85,20,85,81581.40699867795,276765.68118068035,194399.7361891401,471414.6789008636,NA
document_withholding,document_withholding_rds,highest,ss_1740k,1740000,418601.324797104,2.472469906375389,169304.92206102054,0.0973016793454141,0.34244496558616233,595854.2401199224,0.2841381510131505,85,85,20,85,NA,NA,NA,NA,NA
pay_issues,pay_issues_rds,high,unweighted,50000,40,12.217391304347826,3.2740213523131674,6.548042704626335e-5,0.5647058823529412,28235.29411764706,1.1595492289442468e-4,85,85,46,85,NA,NA,NA,NA,NA
pay_issues,pay_issues_rds,high,unweighted,100000,40,12.217391304347826,3.2740213523131674,3.274021352313167e-5,0.5647058823529412,56470.58823529412,5.797746144721234e-5,85,85,46,85,NA,NA,NA,NA,NA
pay_issues,pay_issues_rds,high,unweighted,980000,40,12.217391304347826,3.2740213523131674,3.3408381146052726e-6,0.5647058823529412,553411.7647058823,5.916067494613504e-6,85,85,46,85,2.156723848200532,5.131279569307739,449647.0588235294,657176.4705882353,NA
pay_issues,pay_issues_rds,high,unweighted,1740000,40,12.217391304347826,3.2740213523131674,1.8816214668466478e-6,0.5647058823529412,982588.2352941176,3.3320380142076057e-6,85,85,46,85,NA,NA,NA,NA,NA
pay_issues,pay_issues_rds,high,rds_I_document_withholding,50000,0.46549679501438185,10.068571390371236,0.046232655752885175,9.246531150577035e-7,0.6162991438542679,30814.957192713395,1.5003316559471808e-6,85,85,46,85,NA,NA,NA,NA,NA
pay_issues,pay_issues_rds,high,rds_I_document_withholding,100000,0.46549679501438185,10.068571390371236,0.046232655752885175,4.6232655752885173e-7,0.6162991438542679,61629.91438542679,7.501658279735904e-7,85,85,46,85,NA,NA,NA,NA,NA
pay_issues,pay_issues_rds,high,rds_I_document_withholding,980000,0.46549679501438185,10.068571390371236,0.046232655752885175,4.717617933967875e-8,0.6162991438542679,603973.1609771826,7.65475334666929e-8,85,85,46,85,0.029080184982341144,0.0773201111374102,489902.5084037547,711655.4294806045,NA
pay_issues,pay_issues_rds,high,rds_I_document_withholding,1740000,0.46549679501438185,10.068571390371236,0.046232655752885175,2.6570491812002973e-8,0.6162991438542679,1072360.510306426,4.311297861917186e-8,85,85,46,85,NA,NA,NA,NA,NA
pay_issues,pay_issues_rds,high,rds_I_pay_issues,50000,0.480627661411069,12.21739130434783,0.03933963064930457,7.867926129860914e-7,0.5930075026445375,29650.375132226876,1.3267835726822383e-6,85,85,46,85,NA,NA,NA,NA,NA
pay_issues,pay_issues_rds,high,rds_I_pay_issues,100000,0.480627661411069,12.21739130434783,0.03933963064930457,3.933963064930457e-7,0.5930075026445375,59300.75026445375,6.633917863411192e-7,85,85,46,85,NA,NA,NA,NA,NA
pay_issues,pay_issues_rds,high,rds_I_pay_issues,980000,0.480627661411069,12.21739130434783,0.03933963064930457,4.014248025439242e-8,0.5930075026445375,581147.3525916467,6.769303942256318e-8,85,85,46,85,0.026197882585518334,0.06187438830725426,478009.509669568,681800.8301996157,NA
pay_issues,pay_issues_rds,high,rds_I_pay_issues,1740000,0.480627661411069,12.21739130434783,0.03933963064930457,2.2608983131784233e-8,0.5930075026445375,1031833.0546014953,3.8125964732248226e-8,85,85,46,85,NA,NA,NA,NA,NA
pay_issues,pay_issues_rds,high,rds_I_threats_abuse,50000,0.4859532012472759,12.475205186270495,0.038953523728979506,7.790704745795902e-7,0.5857046691555905,29285.233457779526,1.3301421614117824e-6,85,85,46,85,NA,NA,NA,NA,NA
pay_issues,pay_issues_rds,high,rds_I_threats_abuse,100000,0.4859532012472759,12.475205186270495,0.038953523728979506,3.895352372897951e-7,0.5857046691555905,58570.46691555905,6.650710807058912e-7,85,85,46,85,NA,NA,NA,NA,NA
pay_issues,pay_issues_rds,high,rds_I_threats_abuse,980000,0.4859532012472759,12.475205186270495,0.038953523728979506,3.97484936009995e-8,0.5857046691555905,573990.5757724787,6.786439599039707e-8,85,85,46,85,0.02548056018467987,0.06102272756017801,468912.30766593385,682321.1918092672,NA
pay_issues,pay_issues_rds,high,rds_I_threats_abuse,1740000,0.4859532012472759,12.475205186270495,0.038953523728979506,2.2387082602861784e-8,0.5857046691555905,1019126.1243307275,3.822247590263742e-8,85,85,46,85,NA,NA,NA,NA,NA
pay_issues,pay_issues_rds,high,rds_I_excessive_hours,50000,0.479502479434369,12.273965584621884,0.039066630595342405,7.813326119068482e-7,0.6023438020562251,30117.19010281125,1.2971538998817749e-6,85,85,46,85,NA,NA,NA,NA,NA
pay_issues,pay_issues_rds,high,rds_I_excessive_hours,100000,0.479502479434369,12.273965584621884,0.039066630595342405,3.906663059534241e-7,0.6023438020562251,60234.3802056225,6.485769499408874e-7,85,85,46,85,NA,NA,NA,NA,NA
pay_issues,pay_issues_rds,high,rds_I_excessive_hours,980000,0.479502479434369,12.273965584621884,0.039066630595342405,3.9863908770757554e-8,0.6023438020562251,590296.9260151006,6.618132142253953e-8,85,85,46,85,0.024998892040268523,0.06360132725805484,485904.11107737955,689597.1804533114,NA
pay_issues,pay_issues_rds,high,rds_I_excessive_hours,1740000,0.479502479434369,12.273965584621884,0.039066630595342405,2.245208654904736e-8,0.6023438020562251,1048078.2155778316,3.727453735292456e-8,85,85,46,85,NA,NA,NA,NA,NA
pay_issues,pay_issues_rds,high,rds_I_access_to_help,50000,0.4705438582351108,12.218734868778473,0.03851003097198326,7.702006194396651e-7,0.5646777768822362,28233.88884411181,1.363964814928941e-6,85,85,46,85,NA,NA,NA,NA,NA
pay_issues,pay_issues_rds,high,rds_I_access_to_help,100000,0.4705438582351108,12.218734868778473,0.03851003097198326,3.8510030971983256e-7,0.5646777768822362,56467.77768822362,6.819824074644705e-7,85,85,46,85,NA,NA,NA,NA,NA
pay_issues,pay_issues_rds,high,rds_I_access_to_help,980000,0.4705438582351108,12.218734868778473,0.03851003097198326,3.929594997141149e-8,0.5646777768822362,553384.2213445915,6.95900415780072e-8,85,85,46,85,0.025652505218766043,0.06181574815751055,461044.16949259175,657195.1777408181,NA
pay_issues,pay_issues_rds,high,rds_I_access_to_help,1740000,0.4705438582351108,12.218734868778473,0.03851003097198326,2.2132201708036356e-8,0.5646777768822362,982539.331775091,3.919439123359026e-8,85,85,46,85,NA,NA,NA,NA,NA
pay_issues,pay_issues_rds,high,vh_980k,50000,325554.07083830464,3.9319948022860354,82796.16001756403,1.6559232003512807,0.49652701380429315,24826.35069021466,3.3350112970972514,85,85,46,85,NA,NA,NA,NA,NA
pay_issues,pay_issues_rds,high,vh_980k,100000,325554.07083830464,3.9319948022860354,82796.16001756403,0.8279616001756404,0.49652701380429315,49652.70138042932,1.6675056485486257,85,85,46,85,NA,NA,NA,NA,NA
pay_issues,pay_issues_rds,high,vh_980k,980000,325554.07083830464,3.9319948022860354,82796.16001756403,0.0844858775689429,0.49652701380429315,486596.4735282073,0.17015363760700264,85,85,46,85,41251.92098445434,148717.32153817147,331607.5139064411,641291.8098238213,NA
pay_issues,pay_issues_rds,high,vh_980k,1740000,325554.07083830464,3.9319948022860354,82796.16001756403,0.047584000010094274,0.49652701380429315,863957.0040194701,0.09583365796256471,85,85,46,85,NA,NA,NA,NA,NA
pay_issues,pay_issues_rds,high,vh_100k,50000,33219.80314676574,3.9319948022860385,8448.587756894272,0.16897175513788545,0.4965270138042927,24826.350690214636,0.3403072752140049,85,85,46,85,NA,NA,NA,NA,NA
pay_issues,pay_issues_rds,high,vh_100k,100000,33219.80314676574,3.9319948022860385,8448.587756894272,0.08448587756894273,0.4965270138042927,49652.70138042927,0.17015363760700244,85,85,46,85,NA,NA,NA,NA,NA
pay_issues,pay_issues_rds,high,vh_100k,980000,33219.80314676574,3.9319948022860385,8448.587756894272,0.008621007915198237,0.4965270138042927,486596.4735282069,0.01736261608234719,85,85,46,85,3844.414693059876,15513.842715316652,326049.2250632527,642731.7688545105,NA
pay_issues,pay_issues_rds,high,vh_100k,1740000,33219.80314676574,3.9319948022860385,8448.587756894272,0.004855510205111651,0.4965270138042927,863957.0040194693,0.009778944690057613,85,85,46,85,NA,NA,NA,NA,NA
pay_issues,pay_issues_rds,high,vh_050k,50000,16609.90157338287,3.9319948022860385,4224.293878447136,0.08448587756894273,0.4965270138042927,24826.350690214636,0.17015363760700244,85,85,46,85,NA,NA,NA,NA,NA
pay_issues,pay_issues_rds,high,vh_050k,100000,16609.90157338287,3.9319948022860385,4224.293878447136,0.042242938784471364,0.4965270138042927,49652.70138042927,0.08507681880350122,85,85,46,85,NA,NA,NA,NA,NA
pay_issues,pay_issues_rds,high,vh_050k,980000,16609.90157338287,3.9319948022860385,4224.293878447136,0.004310503957599118,0.4965270138042927,486596.4735282069,0.008681308041173594,85,85,46,85,2229.988453425871,7768.650385184327,336314.25866406766,633485.5133332511,NA
pay_issues,pay_issues_rds,high,vh_050k,1740000,16609.90157338287,3.9319948022860385,4224.293878447136,0.0024277551025558256,0.4965270138042927,863957.0040194693,0.0048894723450288065,85,85,46,85,NA,NA,NA,NA,NA
pay_issues,pay_issues_rds,high,ss_980k,50000,325554.07083830464,3.9319948022860345,82796.16001756405,1.655923200351281,0.49652701380429315,24826.35069021466,3.3350112970972523,85,85,46,85,NA,NA,NA,NA,NA
pay_issues,pay_issues_rds,high,ss_980k,100000,325554.07083830464,3.9319948022860345,82796.16001756405,0.8279616001756405,0.49652701380429315,49652.70138042932,1.6675056485486262,85,85,46,85,NA,NA,NA,NA,NA
pay_issues,pay_issues_rds,high,ss_980k,980000,325554.07083830464,3.9319948022860345,82796.16001756405,0.08448587756894291,0.49652701380429315,486596.4735282073,0.17015363760700267,85,85,46,85,41658.360198238806,152928.31257767772,329436.90597357793,645828.3082884776,NA
pay_issues,pay_issues_rds,high,ss_980k,1740000,325554.07083830464,3.9319948022860345,82796.16001756405,0.04758400001009428,0.49652701380429315,863957.0040194701,0.09583365796256473,85,85,46,85,NA,NA,NA,NA,NA
pay_issues,pay_issues_rds,high,ss_100k,50000,33219.8031467658,3.931994802286041,8448.587756894281,0.16897175513788562,0.4965270138042929,24826.350690214647,0.3403072752140051,85,85,46,85,NA,NA,NA,NA,NA
pay_issues,pay_issues_rds,high,ss_100k,100000,33219.8031467658,3.931994802286041,8448.587756894281,0.08448587756894281,0.4965270138042929,49652.701380429295,0.17015363760700256,85,85,46,85,NA,NA,NA,NA,NA
pay_issues,pay_issues_rds,high,ss_100k,980000,33219.8031467658,3.931994802286041,8448.587756894281,0.008621007915198247,0.4965270138042929,486596.47352820705,0.0173626160823472,85,85,46,85,4009.7412878859814,14868.036057468782,345356.3766682936,632270.4809367855,NA
pay_issues,pay_issues_rds,high,ss_100k,1740000,33219.8031467658,3.931994802286041,8448.587756894281,0.004855510205111656,0.4965270138042929,863957.0040194697,0.009778944690057618,85,85,46,85,NA,NA,NA,NA,NA
pay_issues,pay_issues_rds,high,ss_050k,50000,16609.9015733829,3.931994802286041,4224.293878447141,0.08448587756894281,0.4965270138042929,24826.350690214647,0.17015363760700256,85,85,46,85,NA,NA,NA,NA,NA
pay_issues,pay_issues_rds,high,ss_050k,100000,16609.9015733829,3.931994802286041,4224.293878447141,0.042242938784471405,0.4965270138042929,49652.701380429295,0.08507681880350128,85,85,46,85,NA,NA,NA,NA,NA
pay_issues,pay_issues_rds,high,ss_050k,980000,16609.9015733829,3.931994802286041,4224.293878447141,0.0043105039575991235,0.4965270138042929,486596.47352820705,0.0086813080411736,85,85,46,85,2118.7030503884216,7569.438615992236,344232.207330964,640434.5271556961,NA
pay_issues,pay_issues_rds,high,ss_050k,1740000,16609.9015733829,3.931994802286041,4224.293878447141,0.002427755102555828,0.4965270138042929,863957.0040194697,0.004889472345028809,85,85,46,85,NA,NA,NA,NA,NA
pay_issues,pay_issues_rds,high,ss_1740k,50000,578024.5747537252,3.9319948022860407,147005.4269699606,2.940108539399212,0.49652701380429276,24826.350690214636,5.921346588723695,85,85,46,85,NA,NA,NA,NA,NA
pay_issues,pay_issues_rds,high,ss_1740k,100000,578024.5747537252,3.9319948022860407,147005.4269699606,1.470054269699606,0.49652701380429276,49652.70138042927,2.9606732943618477,85,85,46,85,NA,NA,NA,NA,NA
pay_issues,pay_issues_rds,high,ss_1740k,980000,578024.5747537252,3.9319948022860407,147005.4269699606,0.15000553772444958,0.49652701380429276,486596.47352820693,0.30210951983284157,85,85,46,85,70844.63220037689,268657.6723783189,333853.7593178122,634605.0684736163,NA
pay_issues,pay_issues_rds,high,ss_1740k,1740000,578024.5747537252,3.9319948022860407,147005.4269699606,0.08448587756894287,0.49652701380429276,863957.0040194694,0.17015363760700272,85,85,46,85,NA,NA,NA,NA,NA
threats_abuse,threats_abuse_rds,high,unweighted,50000,40,11.791666666666666,3.392226148409894,6.784452296819788e-5,0.6,30000,1.1307420494699648e-4,85,85,48,85,NA,NA,NA,NA,NA
threats_abuse,threats_abuse_rds,high,unweighted,100000,40,11.791666666666666,3.392226148409894,3.392226148409894e-5,0.6,60000,5.653710247349824e-5,85,85,48,85,NA,NA,NA,NA,NA
threats_abuse,threats_abuse_rds,high,unweighted,980000,40,11.791666666666666,3.392226148409894,3.4614552534794838e-6,0.6,588000,5.769092089132473e-6,85,85,48,85,2.161266640042599,5.459143015623555,495476.4705882355,680235.294117647,NA
threats_abuse,threats_abuse_rds,high,unweighted,1740000,40,11.791666666666666,3.392226148409894,1.9495552577068356e-6,0.6,1044000,3.249258762844726e-6,85,85,48,85,NA,NA,NA,NA,NA
threats_abuse,threats_abuse_rds,high,rds_I_document_withholding,50000,0.4654967950143818,9.622612978121936,0.04837530056261639,9.675060112523277e-7,0.6692435878044118,33462.17939022059,1.4456709468467615e-6,85,85,48,85,NA,NA,NA,NA,NA
threats_abuse,threats_abuse_rds,high,rds_I_document_withholding,100000,0.4654967950143818,9.622612978121936,0.04837530056261639,4.837530056261638e-7,0.6692435878044118,66924.35878044118,7.228354734233808e-7,85,85,48,85,NA,NA,NA,NA,NA
threats_abuse,threats_abuse_rds,high,rds_I_document_withholding,980000,0.4654967950143818,9.622612978121936,0.04837530056261639,4.9362551594506514e-8,0.6692435878044118,655858.7160483235,7.3758721777896e-8,85,85,48,85,0.029791745360186698,0.08156922911809038,551280.0665781936,752366.3886306294,NA
threats_abuse,threats_abuse_rds,high,rds_I_document_withholding,1740000,0.4654967950143818,9.622612978121936,0.04837530056261639,2.780189687506689e-8,0.6692435878044118,1164483.8427796767,4.154226858755061e-8,85,85,48,85,NA,NA,NA,NA,NA
threats_abuse,threats_abuse_rds,high,rds_I_pay_issues,50000,0.480627661411069,11.9594918691742,0.04018796673543424,8.037593347086848e-7,0.6111071111166904,30555.355555834518,1.3152511566097741e-6,85,85,48,85,NA,NA,NA,NA,NA
threats_abuse,threats_abuse_rds,high,rds_I_pay_issues,100000,0.480627661411069,11.9594918691742,0.04018796673543424,4.018796673543424e-7,0.6111071111166904,61110.711111669036,6.576255783048871e-7,85,85,48,85,NA,NA,NA,NA,NA
threats_abuse,threats_abuse_rds,high,rds_I_pay_issues,980000,0.480627661411069,11.9594918691742,0.04018796673543424,4.100812932187167e-8,0.6111071111166904,598884.9688943565,6.710465084743746e-8,85,85,48,85,0.02573501528978155,0.06429483072067647,500566.52366689715,699713.2312751691,NA
threats_abuse,threats_abuse_rds,high,rds_I_pay_issues,1740000,0.480627661411069,11.9594918691742,0.04018796673543424,2.3096532606571402e-8,0.6111071111166904,1063326.3733430412,3.779457346579811e-8,85,85,48,85,NA,NA,NA,NA,NA
threats_abuse,threats_abuse_rds,high,rds_I_threats_abuse,50000,0.48851402890613566,11.79166666666666,0.041428751568011526,8.285750313602306e-7,0.6522408842407377,32612.044212036883,1.2703512634366066e-6,85,85,48,85,NA,NA,NA,NA,NA
threats_abuse,threats_abuse_rds,high,rds_I_threats_abuse,100000,0.48851402890613566,11.79166666666666,0.041428751568011526,4.142875156801153e-7,0.6522408842407377,65224.088424073765,6.351756317183033e-7,85,85,48,85,NA,NA,NA,NA,NA
threats_abuse,threats_abuse_rds,high,rds_I_threats_abuse,980000,0.48851402890613566,11.79166666666666,0.041428751568011526,4.227423629388931e-8,0.6522408842407377,639196.066555923,6.481383997125544e-8,85,85,48,85,0.027537672847179756,0.06484685863240425,550201.7926486423,724617.1589107699,NA
threats_abuse,threats_abuse_rds,high,rds_I_threats_abuse,1740000,0.48851402890613566,11.79166666666666,0.041428751568011526,2.3809627337937658e-8,0.6522408842407377,1134899.1385788836,3.6504346650477197e-8,85,85,48,85,NA,NA,NA,NA,NA
threats_abuse,threats_abuse_rds,high,rds_I_excessive_hours,50000,0.4879214877890509,11.879542315521231,0.04107241464610606,8.214482929221212e-7,0.6505140501280915,32525.702506404574,1.2627679490710022e-6,85,85,48,85,NA,NA,NA,NA,NA
threats_abuse,threats_abuse_rds,high,rds_I_excessive_hours,100000,0.4879214877890509,11.879542315521231,0.04107241464610606,4.107241464610606e-7,0.6505140501280915,65051.40501280915,6.313839745355011e-7,85,85,48,85,NA,NA,NA,NA,NA
threats_abuse,threats_abuse_rds,high,rds_I_excessive_hours,980000,0.4879214877890509,11.879542315521231,0.04107241464610606,4.191062718990414e-8,0.6505140501280915,637503.7691255297,6.442693617709195e-8,85,85,48,85,0.026278510112399407,0.06543686795625804,538561.031253147,737779.95682969,NA
threats_abuse,threats_abuse_rds,high,rds_I_excessive_hours,1740000,0.4879214877890509,11.879542315521231,0.04107241464610606,2.360483600350923e-8,0.6505140501280915,1131894.4472228792,3.628643531813225e-8,85,85,48,85,NA,NA,NA,NA,NA
threats_abuse,threats_abuse_rds,high,rds_I_access_to_help,50000,0.4705438582351108,11.794561979915919,0.039894983725242604,7.978996745048521e-7,0.5998575003327434,29992.875016637172,1.3301487004201061e-6,85,85,48,85,NA,NA,NA,NA,NA
threats_abuse,threats_abuse_rds,high,rds_I_access_to_help,100000,0.4705438582351108,11.794561979915919,0.039894983725242604,3.9894983725242604e-7,0.5998575003327434,59985.750033274344,6.650743502100531e-7,85,85,48,85,NA,NA,NA,NA,NA
threats_abuse,threats_abuse_rds,high,rds_I_access_to_help,980000,0.4705438582351108,11.794561979915919,0.039894983725242604,4.0709167066574084e-8,0.5998575003327434,587860.3503260886,6.786472961327072e-8,85,85,48,85,0.02595745252311394,0.062133879239724445,472611.2335934333,680136.810396182,NA
threats_abuse,threats_abuse_rds,high,rds_I_access_to_help,1740000,0.4705438582351108,11.794561979915919,0.039894983725242604,2.292815156623138e-8,0.5998575003327434,1043752.0505789736,3.8222663805175464e-8,85,85,48,85,NA,NA,NA,NA,NA
threats_abuse,threats_abuse_rds,high,vh_980k,50000,331564.07508972386,3.8501422375830825,86117.35739349267,1.7223471478698533,0.5722487861393003,28612.439306965014,3.0097873330404745,85,85,48,85,NA,NA,NA,NA,NA
threats_abuse,threats_abuse_rds,high,vh_980k,100000,331564.07508972386,3.8501422375830825,86117.35739349267,0.8611735739349267,0.5722487861393003,57224.87861393003,1.5048936665202373,85,85,48,85,NA,NA,NA,NA,NA
threats_abuse,threats_abuse_rds,high,vh_980k,980000,331564.07508972386,3.8501422375830825,86117.35739349267,0.08787485448315578,0.5722487861393003,560803.8104165143,0.15356057821635072,85,85,48,85,44200.5691716751,139390.66161228975,396343.29683783796,705121.5558702403,NA
threats_abuse,threats_abuse_rds,high,vh_980k,1740000,331564.07508972386,3.8501422375830825,86117.35739349267,0.04949273413419119,0.5722487861393003,995712.8878823825,0.08648814175403662,85,85,48,85,NA,NA,NA,NA,NA
threats_abuse,threats_abuse_rds,high,vh_100k,50000,33833.06888670648,3.8501422375830865,8787.48544831556,0.1757497089663112,0.5722487861392997,28612.43930696499,0.3071211564327011,85,85,48,85,NA,NA,NA,NA,NA
threats_abuse,threats_abuse_rds,high,vh_100k,100000,33833.06888670648,3.8501422375830865,8787.48544831556,0.0878748544831556,0.5722487861392997,57224.87861392998,0.15356057821635055,85,85,48,85,NA,NA,NA,NA,NA
threats_abuse,threats_abuse_rds,high,vh_100k,980000,33833.06888670648,3.8501422375830865,8787.48544831556,0.008966821886036286,0.5722487861392997,560803.8104165137,0.015669446756770466,85,85,48,85,4520.804705076148,14411.219185252474,409303.0385990128,722596.5368235847,NA
threats_abuse,threats_abuse_rds,high,vh_100k,1740000,33833.06888670648,3.8501422375830865,8787.48544831556,0.005050278993284804,0.5722487861392997,995712.8878823816,0.008825320587146582,85,85,48,85,NA,NA,NA,NA,NA
threats_abuse,threats_abuse_rds,high,vh_050k,50000,16916.53444335324,3.8501422375830865,4393.74272415778,0.0878748544831556,0.5722487861392997,28612.43930696499,0.15356057821635055,85,85,48,85,NA,NA,NA,NA,NA
threats_abuse,threats_abuse_rds,high,vh_050k,100000,16916.53444335324,3.8501422375830865,4393.74272415778,0.0439374272415778,0.5722487861392997,57224.87861392998,0.07678028910817528,85,85,48,85,NA,NA,NA,NA,NA
threats_abuse,threats_abuse_rds,high,vh_050k,980000,16916.53444335324,3.8501422375830865,4393.74272415778,0.004483410943018143,0.5722487861392997,560803.8104165137,0.007834723378385233,85,85,48,85,2301.1258823969956,7538.232110687782,411439.9841216816,706584.878234157,NA
threats_abuse,threats_abuse_rds,high,vh_050k,1740000,16916.53444335324,3.8501422375830865,4393.74272415778,0.002525139496642402,0.5722487861392997,995712.8878823816,0.004412660293573291,85,85,48,85,NA,NA,NA,NA,NA
threats_abuse,threats_abuse_rds,high,ss_980k,50000,331564.0750897239,3.8501422375830816,86117.3573934927,1.722347147869854,0.5722487861393004,28612.43930696502,3.0097873330404745,85,85,48,85,NA,NA,NA,NA,NA
threats_abuse,threats_abuse_rds,high,ss_980k,100000,331564.0750897239,3.8501422375830816,86117.3573934927,0.861173573934927,0.5722487861393004,57224.87861393004,1.5048936665202373,85,85,48,85,NA,NA,NA,NA,NA
threats_abuse,threats_abuse_rds,high,ss_980k,980000,331564.0750897239,3.8501422375830816,86117.3573934927,0.08787485448315581,0.5722487861393004,560803.8104165144,0.15356057821635075,85,85,48,85,45447.12984994244,150248.81242985654,420928.9628599273,716993.8089123798,NA
threats_abuse,threats_abuse_rds,high,ss_980k,1740000,331564.0750897239,3.8501422375830816,86117.3573934927,0.0494927341341912,0.5722487861393004,995712.8878823827,0.08648814175403663,85,85,48,85,NA,NA,NA,NA,NA
threats_abuse,threats_abuse_rds,high,ss_100k,50000,33833.06888670655,3.8501422375830905,8787.485448315569,0.17574970896631137,0.5722487861393001,28612.439306965003,0.3071211564327012,85,85,48,85,NA,NA,NA,NA,NA
threats_abuse,threats_abuse_rds,high,ss_100k,100000,33833.06888670655,3.8501422375830905,8787.485448315569,0.08787485448315568,0.5722487861393001,57224.87861393001,0.1535605782163506,85,85,48,85,NA,NA,NA,NA,NA
threats_abuse,threats_abuse_rds,high,ss_100k,980000,33833.06888670655,3.8501422375830905,8787.485448315569,0.0089668218860362945,0.5722487861393001,560803.810416514,0.015669446756770473,85,85,48,85,4727.674082049988,14784.62314224558,402956.48443370103,707340.2797765835,NA
threats_abuse,threats_abuse_rds,high,ss_100k,1740000,33833.06888670655,3.8501422375830905,8787.485448315569,0.0050502789932848095,0.5722487861393001,995712.8878823821,0.008825320587146588,85,85,48,85,NA,NA,NA,NA,NA
threats_abuse,threats_abuse_rds,high,ss_050k,50000,16916.534443353274,3.8501422375830905,4393.742724157784,0.08787485448315568,0.5722487861393001,28612.439306965003,0.1535605782163506,85,85,48,85,NA,NA,NA,NA,NA
threats_abuse,threats_abuse_rds,high,ss_050k,100000,16916.534443353274,3.8501422375830905,4393.742724157784,0.04393742724157784,0.5722487861393001,57224.87861393001,0.0767802891081753,85,85,48,85,NA,NA,NA,NA,NA
threats_abuse,threats_abuse_rds,high,ss_050k,980000,16916.534443353274,3.8501422375830905,4393.742724157784,0.004483410943018147,0.5722487861393001,560803.810416514,0.007834723378385236,85,85,48,85,2292.538947140343,7512.554674479158,418758.63389990403,710471.9513542448,NA
threats_abuse,threats_abuse_rds,high,ss_050k,1740000,16916.534443353274,3.8501422375830905,4393.742724157784,0.0025251394966424047,0.5722487861393001,995712.8878823821,0.004412660293573294,85,85,48,85,NA,NA,NA,NA,NA
threats_abuse,threats_abuse_rds,high,ss_1740k,50000,588695.398628694,3.850142237583089,152902.24680069095,3.058044936013819,0.5722487861393,28612.439306965,5.3439081219290046,85,85,48,85,NA,NA,NA,NA,NA
threats_abuse,threats_abuse_rds,high,ss_1740k,100000,588695.398628694,3.850142237583089,152902.24680069095,1.5290224680069096,0.5722487861393,57224.87861393,2.6719540609645023,85,85,48,85,NA,NA,NA,NA,NA
threats_abuse,threats_abuse_rds,high,ss_1740k,980000,588695.398628694,3.850142237583089,152902.24680069095,0.15602270081703157,0.5722487861393,560803.8104165139,0.27264837356780636,85,85,48,85,80749.33546627252,260060.092758477,412027.2243273455,710818.799500331,NA
threats_abuse,threats_abuse_rds,high,ss_1740k,1740000,588695.398628694,3.850142237583089,152902.24680069095,0.08787485448315571,0.5722487861393,995712.8878823819,0.15356057821635072,85,85,48,85,NA,NA,NA,NA,NA
excessive_hours,excessive_hours_rds,medium,unweighted,50000,44,10.409090909090908,4.22707423580786,8.45414847161572e-5,0.8235294117647058,41176.470588235294,1.0265751715533375e-4,85,85,66,85,NA,NA,NA,NA,NA
excessive_hours,excessive_hours_rds,medium,unweighted,100000,44,10.409090909090908,4.22707423580786,4.22707423580786e-5,0.8235294117647058,82352.94117647059,5.1328758577666876e-5,85,85,66,85,NA,NA,NA,NA,NA
excessive_hours,excessive_hours_rds,medium,unweighted,980000,44,10.409090909090908,4.22707423580786,4.313341056946796e-6,0.8235294117647058,807058.8235294117,5.237628426292539e-6,85,85,66,85,2.9732727713874336,6.057071285688307,726352.9411764706,876235.2941176471,NA
excessive_hours,excessive_hours_rds,medium,unweighted,1740000,44,10.409090909090908,4.22707423580786,2.4293530090849774e-6,0.8235294117647058,1432941.1764705882,2.949928653888901e-6,85,85,66,85,NA,NA,NA,NA,NA
excessive_hours,excessive_hours_rds,medium,rds_I_document_withholding,50000,0.5264722219750723,8.625930647809554,0.06103367201413371,1.2206734402826742e-6,0.8795352548418037,43976.762742090184,1.3878618663241974e-6,85,85,66,85,NA,NA,NA,NA,NA
excessive_hours,excessive_hours_rds,medium,rds_I_document_withholding,100000,0.5264722219750723,8.625930647809554,0.06103367201413371,6.103367201413371e-7,0.8795352548418037,87953.52548418037,6.939309331620987e-7,85,85,66,85,NA,NA,NA,NA,NA
excessive_hours,excessive_hours_rds,medium,rds_I_document_withholding,980000,0.5264722219750723,8.625930647809554,0.06103367201413371,6.227925715727929e-8,0.8795352548418037,861944.5497449676,7.08092788940917e-8,85,85,66,85,0.039704774925176545,0.0927825136682264,796088.8141371433,920492.0588436798,NA
excessive_hours,excessive_hours_rds,medium,rds_I_document_withholding,1740000,0.5264722219750723,8.625930647809554,0.06103367201413371,3.507682299662857e-8,0.8795352548418037,1530391.3434247384,3.988108811276429e-8,85,85,66,85,NA,NA,NA,NA,NA
excessive_hours,excessive_hours_rds,medium,rds_I_pay_issues,50000,0.5259813760603002,10.547191560841823,0.049869329956335695,9.97386599126714e-7,0.8295849386288986,41479.246931444926,1.2022718261678552e-6,85,85,66,85,NA,NA,NA,NA,NA
excessive_hours,excessive_hours_rds,medium,rds_I_pay_issues,100000,0.5259813760603002,10.547191560841823,0.049869329956335695,4.98693299563357e-7,0.8295849386288986,82958.49386288985,6.011359130839276e-7,85,85,66,85,NA,NA,NA,NA,NA
excessive_hours,excessive_hours_rds,medium,rds_I_pay_issues,980000,0.5259813760603002,10.547191560841823,0.049869329956335695,5.0887071384016016e-8,0.8295849386288986,812993.2398563207,6.134039929427831e-8,85,85,66,85,0.034854374513436724,0.07203452488499633,730607.2466072842,888947.5642774501,NA
excessive_hours,excessive_hours_rds,medium,rds_I_pay_issues,1740000,0.5259813760603002,10.547191560841823,0.049869329956335695,2.866053445766419e-8,0.8295849386288986,1443477.7932142837,3.454804098183491e-8,85,85,66,85,NA,NA,NA,NA,NA
excessive_hours,excessive_hours_rds,medium,rds_I_threats_abuse,50000,0.5319876937131439,10.631347908461844,0.05003953386660568,1.0007906773321135e-6,0.8388943777178639,41944.7188858932,1.1929877037138737e-6,85,85,66,85,NA,NA,NA,NA,NA
excessive_hours,excessive_hours_rds,medium,rds_I_threats_abuse,100000,0.5319876937131439,10.631347908461844,0.05003953386660568,5.003953386660568e-7,0.8388943777178639,83889.4377717864,5.964938518569368e-7,85,85,66,85,NA,NA,NA,NA,NA
excessive_hours,excessive_hours_rds,medium,rds_I_threats_abuse,980000,0.5319876937131439,10.631347908461844,0.05003953386660568,5.1060748843475186e-8,0.8388943777178639,822116.4901635066,6.086671957723846e-8,85,85,66,85,0.03484994568388864,0.0759768258419025,745112.1547559898,895357.9005853807,NA
excessive_hours,excessive_hours_rds,medium,rds_I_threats_abuse,1740000,0.5319876937131439,10.631347908461844,0.05003953386660568,2.8758352796899815e-8,0.8388943777178639,1459676.2172290832,3.428125585384695e-8,85,85,66,85,NA,NA,NA,NA,NA
excessive_hours,excessive_hours_rds,medium,rds_I_excessive_hours,50000,0.5325041323906151,10.409090909090912,0.05115760223839969,1.0231520447679939e-6,0.9275289267343059,46376.44633671529,1.103094486088281e-6,85,85,66,85,NA,NA,NA,NA,NA
excessive_hours,excessive_hours_rds,medium,rds_I_excessive_hours,100000,0.5325041323906151,10.409090909090912,0.05115760223839969,5.115760223839969e-7,0.9275289267343059,92752.89267343059,5.515472430441405e-7,85,85,66,85,NA,NA,NA,NA,NA
excessive_hours,excessive_hours_rds,medium,rds_I_excessive_hours,980000,0.5325041323906151,10.409090909090912,0.05115760223839969,5.2201634937142545e-8,0.9275289267343059,908978.3481996198,5.628033092287147e-8,85,85,66,85,0.035920280924978815,0.07505399721237545,869311.7113015519,944229.8311587252,NA
excessive_hours,excessive_hours_rds,medium,rds_I_excessive_hours,1740000,0.5325041323906151,10.409090909090912,0.05115760223839969,2.940092082666649e-8,0.9275289267343059,1613900.3325176921,3.169811741632991e-8,85,85,66,85,NA,NA,NA,NA,NA
excessive_hours,excessive_hours_rds,medium,rds_I_access_to_help,50000,0.5175898617252539,10.41136335267744,0.049713936992905716,9.942787398581143e-7,0.8233888844111833,41169.44422055916,1.207544525657687e-6,85,85,66,85,NA,NA,NA,NA,NA
excessive_hours,excessive_hours_rds,medium,rds_I_access_to_help,100000,0.5175898617252539,10.41136335267744,0.049713936992905716,4.971393699290571e-7,0.8233888844111833,82338.88844111832,6.037722628288435e-7,85,85,66,85,NA,NA,NA,NA,NA
excessive_hours,excessive_hours_rds,medium,rds_I_access_to_help,980000,0.5175898617252539,10.41136335267744,0.049713936992905716,5.072850713561808e-8,0.8233888844111833,806921.1067229597,6.160941457437178e-8,85,85,66,85,0.0338789584758906,0.07286356039810113,737599.1769666327,876170.004144143,NA
excessive_hours,excessive_hours_rds,medium,rds_I_access_to_help,1740000,0.5175898617252539,10.41136335267744,0.049713936992905716,2.8571228156842366e-8,0.8233888844111833,1432696.6588754589,3.4699555334991e-8,85,85,66,85,NA,NA,NA,NA,NA
excessive_hours,excessive_hours_rds,medium,vh_980k,50000,359300.0840147229,3.503725261637694,102548.01880407159,2.0509603760814317,0.8372845296636369,41864.22648318185,2.449538124041735,85,85,66,85,NA,NA,NA,NA,NA
excessive_hours,excessive_hours_rds,medium,vh_980k,100000,359300.0840147229,3.503725261637694,102548.01880407159,1.0254801880407158,0.8372845296636369,83728.4529663637,1.2247690620208675,85,85,66,85,NA,NA,NA,NA,NA
excessive_hours,excessive_hours_rds,medium,vh_980k,980000,359300.0840147229,3.503725261637694,102548.01880407159,0.10464083551435877,0.8372845296636369,820538.8390703641,0.12497643490008854,85,85,66,85,60339.970554390275,173509.42435323796,708975.9046969379,915923.7130408686,NA
excessive_hours,excessive_hours_rds,medium,vh_980k,1740000,359300.0840147229,3.503725261637694,102548.01880407159,0.05893564299084574,0.8372845296636369,1456875.081614728,0.07038902655292344,85,85,66,85,NA,NA,NA,NA,NA
excessive_hours,excessive_hours_rds,medium,vh_100k,50000,36663.27387905333,3.5037252616376966,10464.083551435862,0.20928167102871725,0.8372845296636368,41864.22648318184,0.24995286980017675,85,85,66,85,NA,NA,NA,NA,NA
excessive_hours,excessive_hours_rds,medium,vh_100k,100000,36663.27387905333,3.5037252616376966,10464.083551435862,0.10464083551435863,0.8372845296636368,83728.45296636368,0.12497643490008838,85,85,66,85,NA,NA,NA,NA,NA
excessive_hours,excessive_hours_rds,medium,vh_100k,980000,36663.27387905333,3.5037252616376966,10464.083551435862,0.01067763627697537,0.8372845296636368,820538.839070364,0.01275269743878453,85,85,66,85,5991.559649901622,16859.823649620823,704349.6919420604,914115.0523206259,NA
excessive_hours,excessive_hours_rds,medium,vh_100k,1740000,36663.27387905333,3.5037252616376966,10464.083551435862,0.006013841121514863,0.8372845296636368,1456875.0816147279,0.007182553729890137,85,85,66,85,NA,NA,NA,NA,NA
excessive_hours,excessive_hours_rds,medium,vh_050k,50000,18331.636939526667,3.5037252616376966,5232.041775717931,0.10464083551435863,0.8372845296636368,41864.22648318184,0.12497643490008838,85,85,66,85,NA,NA,NA,NA,NA
excessive_hours,excessive_hours_rds,medium,vh_050k,100000,18331.636939526667,3.5037252616376966,5232.041775717931,0.05232041775717931,0.8372845296636368,83728.45296636368,0.06248821745004419,85,85,66,85,NA,NA,NA,NA,NA
excessive_hours,excessive_hours_rds,medium,vh_050k,980000,18331.636939526667,3.5037252616376966,5232.041775717931,0.005338818138487685,0.8372845296636368,820538.839070364,0.006376348719392265,85,85,66,85,2923.163026262454,8275.860275364477,714791.2160490955,915047.3301065749,NA
excessive_hours,excessive_hours_rds,medium,vh_050k,1740000,18331.636939526667,3.5037252616376966,5232.041775717931,0.0030069205607574315,0.8372845296636368,1456875.0816147279,0.0035912768649450687,85,85,66,85,NA,NA,NA,NA,NA
excessive_hours,excessive_hours_rds,medium,ss_980k,50000,359300.0840147229,3.503725261637694,102548.01880407159,2.0509603760814317,0.8372845296636369,41864.22648318185,2.449538124041735,85,85,66,85,NA,NA,NA,NA,NA
excessive_hours,excessive_hours_rds,medium,ss_980k,100000,359300.0840147229,3.503725261637694,102548.01880407159,1.0254801880407158,0.8372845296636369,83728.4529663637,1.2247690620208675,85,85,66,85,NA,NA,NA,NA,NA
excessive_hours,excessive_hours_rds,medium,ss_980k,980000,359300.0840147229,3.503725261637694,102548.01880407159,0.10464083551435877,0.8372845296636369,820538.8390703641,0.12497643490008854,85,85,66,85,61158.32468808953,166398.7576840222,692447.035969632,913735.1845194653,NA
excessive_hours,excessive_hours_rds,medium,ss_980k,1740000,359300.0840147229,3.503725261637694,102548.01880407159,0.05893564299084574,0.8372845296636369,1456875.081614728,0.07038902655292344,85,85,66,85,NA,NA,NA,NA,NA
excessive_hours,excessive_hours_rds,medium,ss_100k,50000,36663.27387905339,3.5037252616377037,10464.083551435857,0.20928167102871714,0.8372845296636369,41864.22648318185,0.24995286980017659,85,85,66,85,NA,NA,NA,NA,NA
excessive_hours,excessive_hours_rds,medium,ss_100k,100000,36663.27387905339,3.5037252616377037,10464.083551435857,0.10464083551435857,0.8372845296636369,83728.4529663637,0.12497643490008829,85,85,66,85,NA,NA,NA,NA,NA
excessive_hours,excessive_hours_rds,medium,ss_100k,980000,36663.27387905339,3.5037252616377037,10464.083551435857,0.010677636276975364,0.8372845296636369,820538.8390703641,0.012752697438784521,85,85,66,85,6028.629944543291,16532.109017852563,702088.0430099814,914851.4468778947,NA
excessive_hours,excessive_hours_rds,medium,ss_100k,1740000,36663.27387905339,3.5037252616377037,10464.083551435857,0.0060138411215148605,0.8372845296636369,1456875.081614728,0.007182553729890133,85,85,66,85,NA,NA,NA,NA,NA
excessive_hours,excessive_hours_rds,medium,ss_050k,50000,18331.636939526696,3.5037252616377037,5232.041775717928,0.10464083551435857,0.8372845296636369,41864.22648318185,0.12497643490008829,85,85,66,85,NA,NA,NA,NA,NA
excessive_hours,excessive_hours_rds,medium,ss_050k,100000,18331.636939526696,3.5037252616377037,5232.041775717928,0.052320417757179286,0.8372845296636369,83728.4529663637,0.062488217450044146,85,85,66,85,NA,NA,NA,NA,NA
excessive_hours,excessive_hours_rds,medium,ss_050k,980000,18331.636939526696,3.5037252616377037,5232.041775717928,0.005338818138487682,0.8372845296636369,820538.8390703641,0.006376348719392261,85,85,66,85,2914.947959333765,8442.003439554492,705830.6420151138,908134.1047056558,NA
excessive_hours,excessive_hours_rds,medium,ss_050k,1740000,18331.636939526696,3.5037252616377037,5232.041775717928,0.0030069205607574302,0.8372845296636369,1456875.081614728,0.0035912768649450665,85,85,66,85,NA,NA,NA,NA,NA
excessive_hours,excessive_hours_rds,medium,ss_1740k,50000,637940.9654955291,3.5037252616377046,182075.0537949839,3.641501075899678,0.8372845296636371,41864.226483181854,4.349179934523072,85,85,66,85,NA,NA,NA,NA,NA
excessive_hours,excessive_hours_rds,medium,ss_1740k,100000,637940.9654955291,3.5037252616377046,182075.0537949839,1.820750537949839,0.8372845296636371,83728.45296636371,2.174589967261536,85,85,66,85,NA,NA,NA,NA,NA
excessive_hours,excessive_hours_rds,medium,ss_1740k,980000,637940.9654955291,3.5037252616377046,182075.0537949839,0.18579087121937132,0.8372845296636371,820538.8390703644,0.2218969354348506,85,85,66,85,101567.49771783027,281658.02274584037,697337.8178062881,913697.9760691302,NA
excessive_hours,excessive_hours_rds,medium,ss_1740k,1740000,637940.9654955291,3.5037252616377046,182075.0537949839,0.10464083551435856,0.8372845296636371,1456875.0816147286,0.12497643490008825,85,85,66,85,NA,NA,NA,NA,NA
access_to_help,access_to_help_rds,lowest,unweighted,50000,34,12.133333333333333,2.8021978021978025,5.604395604395605e-5,0.5764705882352941,28823.529411764703,9.721910742318907e-5,85,85,45,85,NA,NA,NA,NA,NA
access_to_help,access_to_help_rds,lowest,unweighted,100000,34,12.133333333333333,2.8021978021978025,2.8021978021978025e-5,0.5764705882352941,57647.058823529405,4.8609553711594535e-5,85,85,45,85,NA,NA,NA,NA,NA
access_to_help,access_to_help_rds,lowest,unweighted,980000,34,12.133333333333333,2.8021978021978025,2.859385512446737e-6,0.5764705882352941,564941.1764705882,4.960158541999443e-6,85,85,45,85,1.710508961252051,4.680061281337047,461176.4705882353,657176.4705882353,NA
access_to_help,access_to_help_rds,lowest,unweighted,1740000,34,12.133333333333333,2.8021978021978025,1.6104585070102313e-6,0.5764705882352941,1003058.8235294117,2.7936525121606056e-6,85,85,45,85,NA,NA,NA,NA,NA
access_to_help,access_to_help_rds,lowest,rds_I_document_withholding,50000,0.38845940203259816,10.04006230385456,0.03869093540220977,7.738187080441953e-7,0.581052884487057,29052.64422435285,1.3317526316512628e-6,85,85,45,85,NA,NA,NA,NA,NA
access_to_help,access_to_help_rds,lowest,rds_I_document_withholding,100000,0.38845940203259816,10.04006230385456,0.03869093540220977,3.8690935402209766e-7,0.581052884487057,58105.2884487057,6.658763158256314e-7,85,85,45,85,NA,NA,NA,NA,NA
access_to_help,access_to_help_rds,lowest,rds_I_document_withholding,980000,0.38845940203259816,10.04006230385456,0.03869093540220977,3.9480546328785476e-8,0.581052884487057,569431.826797316,6.794656283935013e-8,85,85,45,85,0.02243436549891682,0.06808863554135247,451481.37613554107,682376.5529124694,NA
access_to_help,access_to_help_rds,lowest,rds_I_document_withholding,1740000,0.38845940203259816,10.04006230385456,0.03869093540220977,2.2236169771384923e-8,0.581052884487057,1011032.0190074793,3.826875378308226e-8,85,85,45,85,NA,NA,NA,NA,NA
access_to_help,access_to_help_rds,lowest,rds_I_pay_issues,50000,0.40514719783456393,12.183235212840243,0.033254483785026843,6.650896757005368e-7,0.5755622592056647,28778.112960283237,1.1555477536321251e-6,85,85,45,85,NA,NA,NA,NA,NA
access_to_help,access_to_help_rds,lowest,rds_I_pay_issues,100000,0.40514719783456393,12.183235212840243,0.033254483785026843,3.325448378502684e-7,0.5755622592056647,57556.225920566474,5.777738768160626e-7,85,85,45,85,NA,NA,NA,NA,NA
access_to_help,access_to_help_rds,lowest,rds_I_pay_issues,980000,0.40514719783456393,12.183235212840243,0.033254483785026843,3.393314671941515e-8,0.5755622592056647,564051.0140215515,5.8956518042455364e-8,85,85,45,85,0.020022289973606177,0.05682721078449251,462453.8948377229,668908.8409331592,NA
access_to_help,access_to_help_rds,lowest,rds_I_pay_issues,1740000,0.40514719783456393,12.183235212840243,0.033254483785026843,1.9111772290245312e-8,0.5755622592056647,1001478.3310178566,3.3205395219313945e-8,85,85,45,85,NA,NA,NA,NA,NA
access_to_help,access_to_help_rds,lowest,rds_I_threats_abuse,50000,0.40409732425417555,12.284510379849578,0.03289486611668471,6.578973223336942e-7,0.5677637741951708,28388.18870975854,1.1587518475730362e-6,85,85,45,85,NA,NA,NA,NA,NA
access_to_help,access_to_help_rds,lowest,rds_I_threats_abuse,100000,0.40409732425417555,12.284510379849578,0.03289486611668471,3.289486611668471e-7,0.5677637741951708,56776.37741951708,5.793759237865181e-7,85,85,45,85,NA,NA,NA,NA,NA
access_to_help,access_to_help_rds,lowest,rds_I_threats_abuse,980000,0.40409732425417555,12.284510379849578,0.03289486611668471,3.35661899149844e-8,0.5677637741951708,556408.4987112674,5.911999222311409e-8,85,85,45,85,0.019518305101902108,0.055761727650619666,450165.7024578472,663156.2165712334,NA
access_to_help,access_to_help_rds,lowest,rds_I_threats_abuse,1740000,0.40409732425417555,12.284510379849578,0.03289486611668471,1.8905095469359032e-8,0.5677637741951708,987908.9670995971,3.329746688428265e-8,85,85,45,85,NA,NA,NA,NA,NA
access_to_help,access_to_help_rds,lowest,rds_I_excessive_hours,50000,0.39999999999999997,11.856967513968597,0.03373543863797917,6.747087727595834e-7,0.5482421484578314,27412.107422891568,1.2306765808821781e-6,85,85,45,85,NA,NA,NA,NA,NA
access_to_help,access_to_help_rds,lowest,rds_I_excessive_hours,100000,0.39999999999999997,11.856967513968597,0.03373543863797917,3.373543863797917e-7,0.5482421484578314,54824.214845783135,6.153382904410891e-7,85,85,45,85,NA,NA,NA,NA,NA
access_to_help,access_to_help_rds,lowest,rds_I_excessive_hours,980000,0.39999999999999997,11.856967513968597,0.03373543863797917,3.4423916977529765e-8,0.5482421484578314,537277.3054886748,6.278962147358051e-8,85,85,45,85,0.019768207297851954,0.06039705195099811,427515.2041842428,645016.4154663931,NA
access_to_help,access_to_help_rds,lowest,rds_I_excessive_hours,1740000,0.39999999999999997,11.856967513968597,0.03373543863797917,1.9388183125275385e-8,0.5482421484578314,953941.3383166266,3.536426956557983e-8,85,85,45,85,NA,NA,NA,NA,NA
access_to_help,access_to_help_rds,lowest,rds_I_access_to_help,50000,0.3998910296662161,12.133333333333317,0.0329580518955673,6.59161037911346e-7,0.5773403785918323,28867.018929591613,1.1417199668574703e-6,85,85,45,85,NA,NA,NA,NA,NA
access_to_help,access_to_help_rds,lowest,rds_I_access_to_help,100000,0.3998910296662161,12.133333333333317,0.0329580518955673,3.29580518955673e-7,0.5773403785918323,57734.03785918323,5.708599834287352e-7,85,85,45,85,NA,NA,NA,NA,NA
access_to_help,access_to_help_rds,lowest,rds_I_access_to_help,980000,0.3998910296662161,12.133333333333317,0.0329580518955673,3.3630665199558475e-8,0.5773403785918323,565793.5710199956,5.825101871721787e-8,85,85,45,85,0.019459357383104295,0.05394702674395461,462046.5891578497,669462.3146330899,NA
access_to_help,access_to_help_rds,lowest,rds_I_access_to_help,1740000,0.3998910296662161,12.133333333333317,0.0329580518955673,1.8941409135383508e-8,0.5773403785918323,1004572.2587497882,3.2808045024639946e-8,85,85,45,85,NA,NA,NA,NA,NA
access_to_help,access_to_help_rds,lowest,vh_980k,50000,252932.65048265224,3.4686996852821994,72918.57855433646,1.4583715710867293,0.5936328884548032,29681.644422740163,2.4566893099248555,85,85,45,85,NA,NA,NA,NA,NA
access_to_help,access_to_help_rds,lowest,vh_980k,100000,252932.65048265224,3.4686996852821994,72918.57855433646,0.7291857855433647,0.5936328884548032,59363.288845480325,1.2283446549624277,85,85,45,85,NA,NA,NA,NA,NA
access_to_help,access_to_help_rds,lowest,vh_980k,980000,252932.65048265224,3.4686996852821994,72918.57855433646,0.0744067128105474,0.5936328884548032,581760.2306857072,0.1253412913226967,85,85,45,85,37442.07961378671,121778.0216470682,430967.69417910336,726436.1325374045,NA
access_to_help,access_to_help_rds,lowest,vh_980k,1740000,252932.65048265224,3.4686996852821994,72918.57855433646,0.04190722905421636,0.5936328884548032,1032921.2259113576,0.07059452040013953,85,85,45,85,NA,NA,NA,NA,NA
access_to_help,access_to_help_rds,lowest,vh_100k,50000,25809.45413088286,3.468699685282201,7440.6712810547315,0.14881342562109462,0.5936328884548028,29681.644422740137,0.2506825826453933,85,85,45,85,NA,NA,NA,NA,NA
access_to_help,access_to_help_rds,lowest,vh_100k,100000,25809.45413088286,3.468699685282201,7440.6712810547315,0.07440671281054731,0.5936328884548028,59363.288845480274,0.12534129132269664,85,85,45,85,NA,NA,NA,NA,NA
access_to_help,access_to_help_rds,lowest,vh_100k,980000,25809.45413088286,3.468699685282201,7440.6712810547315,0.007592521715361971,0.5936328884548028,581760.2306857067,0.012789927685989454,85,85,45,85,3687.164366406814,12427.706373922878,443000.54551753605,728357.8236386578,NA
access_to_help,access_to_help_rds,lowest,vh_100k,1740000,25809.45413088286,3.468699685282201,7440.6712810547315,0.004276247862675133,0.5936328884548028,1032921.2259113569,0.007203522489810152,85,85,45,85,NA,NA,NA,NA,NA
access_to_help,access_to_help_rds,lowest,vh_050k,50000,12904.72706544143,3.468699685282201,3720.3356405273657,0.07440671281054731,0.5936328884548028,29681.644422740137,0.12534129132269664,85,85,45,85,NA,NA,NA,NA,NA
access_to_help,access_to_help_rds,lowest,vh_050k,100000,12904.72706544143,3.468699685282201,3720.3356405273657,0.037203356405273655,0.5936328884548028,59363.288845480274,0.06267064566134832,85,85,45,85,NA,NA,NA,NA,NA
access_to_help,access_to_help_rds,lowest,vh_050k,980000,12904.72706544143,3.468699685282201,3720.3356405273657,0.0037962608576809853,0.5936328884548028,581760.2306857067,0.006394963842994727,85,85,45,85,1961.3323289214477,6003.252825404751,440338.2344075247,723290.5582134883,NA
access_to_help,access_to_help_rds,lowest,vh_050k,1740000,12904.72706544143,3.468699685282201,3720.3356405273657,0.0021381239313375665,0.5936328884548028,1032921.2259113569,0.003601761244905076,85,85,45,85,NA,NA,NA,NA,NA
access_to_help,access_to_help_rds,lowest,ss_980k,50000,252932.6504826523,3.4686996852821985,72918.5785543365,1.4583715710867302,0.5936328884548033,29681.644422740166,2.4566893099248563,85,85,45,85,NA,NA,NA,NA,NA
access_to_help,access_to_help_rds,lowest,ss_980k,100000,252932.6504826523,3.4686996852821985,72918.5785543365,0.7291857855433651,0.5936328884548033,59363.28884548033,1.2283446549624282,85,85,45,85,NA,NA,NA,NA,NA
access_to_help,access_to_help_rds,lowest,ss_980k,980000,252932.6504826523,3.4686996852821985,72918.5785543365,0.07440671281054745,0.5936328884548033,581760.2306857073,0.12534129132269675,85,85,45,85,39409.96864579705,118783.21113481758,432258.5782991192,718265.2283569322,NA
access_to_help,access_to_help_rds,lowest,ss_980k,1740000,252932.6504826523,3.4686996852821985,72918.5785543365,0.041907229054216386,0.5936328884548033,1032921.2259113578,0.07059452040013955,85,85,45,85,NA,NA,NA,NA,NA
access_to_help,access_to_help_rds,lowest,ss_100k,50000,25809.454130882907,3.4686996852822034,7440.671281054741,0.1488134256210948,0.5936328884548031,29681.644422740155,0.25068258264539345,85,85,45,85,NA,NA,NA,NA,NA
access_to_help,access_to_help_rds,lowest,ss_100k,100000,25809.454130882907,3.4686996852822034,7440.671281054741,0.0744067128105474,0.5936328884548031,59363.28884548031,0.12534129132269672,85,85,45,85,NA,NA,NA,NA,NA
access_to_help,access_to_help_rds,lowest,ss_100k,980000,25809.454130882907,3.4686996852822034,7440.671281054741,0.00759252171536198,0.5936328884548031,581760.2306857071,0.012789927685989461,85,85,45,85,4004.773102125363,12612.759959892053,437832.79677232594,709755.2213675011,NA
access_to_help,access_to_help_rds,lowest,ss_100k,1740000,25809.454130882907,3.4686996852822034,7440.671281054741,0.004276247862675138,0.5936328884548031,1032921.2259113574,0.007203522489810156,85,85,45,85,NA,NA,NA,NA,NA
access_to_help,access_to_help_rds,lowest,ss_050k,50000,12904.727065441453,3.4686996852822034,3720.3356405273703,0.0744067128105474,0.5936328884548031,29681.644422740155,0.12534129132269672,85,85,45,85,NA,NA,NA,NA,NA
access_to_help,access_to_help_rds,lowest,ss_050k,100000,12904.727065441453,3.4686996852822034,3720.3356405273703,0.0372033564052737,0.5936328884548031,59363.28884548031,0.06267064566134836,85,85,45,85,NA,NA,NA,NA,NA
access_to_help,access_to_help_rds,lowest,ss_050k,980000,12904.727065441453,3.4686996852822034,3720.3356405273703,0.00379626085768099,0.5936328884548031,581760.2306857071,0.0063949638429947305,85,85,45,85,1934.3383522868887,5947.460005534472,417098.3243866618,717926.3608749866,NA
access_to_help,access_to_help_rds,lowest,ss_050k,1740000,12904.727065441453,3.4686996852822034,3720.3356405273703,0.002138123931337569,0.5936328884548031,1032921.2259113574,0.003601761244905078,85,85,45,85,NA,NA,NA,NA,NA
access_to_help,access_to_help_rds,lowest,ss_1740k,50000,449084.50187736284,3.4686996852822034,129467.68029035255,2.589353605807051,0.593632888454803,29681.64442274015,4.361876938029849,85,85,45,85,NA,NA,NA,NA,NA
access_to_help,access_to_help_rds,lowest,ss_1740k,100000,449084.50187736284,3.4686996852822034,129467.68029035255,1.2946768029035256,0.593632888454803,59363.2888454803,2.1809384690149245,85,85,45,85,NA,NA,NA,NA,NA
access_to_help,access_to_help_rds,lowest,ss_1740k,980000,449084.50187736284,3.4686996852822034,129467.68029035255,0.13210987784729852,0.593632888454803,581760.230685707,0.2225447417362168,85,85,45,85,67871.41422213023,218688.36930120442,428424.13947906747,723121.1556465578,NA
access_to_help,access_to_help_rds,lowest,ss_1740k,1740000,449084.50187736284,3.4686996852822034,129467.68029035255,0.07440671281054745,0.593632888454803,1032921.2259113572,0.1253412913226968,85,85,45,85,NA,NA,NA,NA,NA
