id,recruiter.id,q13,composite_risk,category_1,category_2,category_3,category_4,category_5,category_6,category_7,category_8,category_9,category_10,category_11,category_12,category_13,sum_categories,whether_exploitation,suspicious_variable,node_1_recruiter,node_2_id_respondent_recruit,wave,q1,q2,q3,q4,q5,q6,q7,q8,q8_a,q9,q10,q11,q12,q14,q15,q16,q17,q18_0,q18_1,q18_2,q18_3,q18_4,q18_5,q18_6,q18_a,q19,q20,q21,q22,q23,q24,q25,x4h_alin_sa_mga_sumusunod_na_elemento_ang_mahalaga_sa_iyong_kasiyahan,q26,q26_a,q26_b,q26_c,q26_d,q26_e,q26_f,q26_g,q27,q28,q29,q30,q31,q32,q33,q34,q34_a,q35,q36,q37,q38,q39,q40,q41,q42,q43,q44,q44_a,q44_b,q45,q46,q47,q48,q48_a,q49,q50,q51,q51_a,q52,q53,q54,q55_0,q55_1,q55_2,q55_3,q55_4,q55_5,q55_6,q55_7,q55_8,q55_9,q56,q57_0,q57_1,q57_2,q57_3,q57_4,q58,q58_a,q59,q59_a,q60,q61,q62,q63,q64,q65,q66,q67_0,q67_1,q67_2,q67_3,q67_4,q67_5,q67_6,q67_7,q67_8,q67_9,q67_10,q67_11,q67_12,q67_a,q68,q69,q70,q71,q72,q73,q74,q75,q76,q77,q78,q79,q80,q81,q82_92_0,q82_92_1,q82_92_2,q82_92_3,q82_92_4,q82_5,q82_6,q82_7,q82_8,q82_9,q82_10,q82_11,q82_12,q82_13,q82_14,q82_15,q82_16,q82_17,q82_18,q82_19,q82_a,q83_88,q84_89,q85_90_93_96,q86,q87_95,q98,q99,q100,q101,q102,q103,q103_a,q104,q105,q106,q107,q108,q109,q110,q111,q112,q113,q114,q115,q116,q117,q118
16,-1,0,0.21,0.045,0,0.09,0,0,0,0,0,0,0.045,0.03,0,0,0.21,1,0,NA,16,1,employee,Eglys ,evixi64@gmail.com,7895055461,0,0,2,0,NA,1,1,6,0,0,0,0,0,1,0,0,0,0,0,0,NA,0,3,0,0,1,2,0,NA,1,1,0,1,1,1,0,0,1,1,3,0,0,2,0,1,NA,0,4,1,0,1,1,0,3,0,1,1,1,1,3,3,3,0,0,0,0,1,1,0,0,0,1,0,0,0,0,0,0,0,0,0,0,0,0,0,0,0,NA,1,NA,1,1,2,3,0,0,2,0,0,0,0,0,0,0,1,0,0,0,0,0,NA,0,1,3,0,2,0,0,2,1,0,1,2,2,NA,0,0,0,0,0,0,0,0,0,0,0,0,0,0,0,0,0,0,0,0,NA,NA,NA,NA,NA,NA,NA,Seguridad ,Transporte ,Si,NA,0,NA,NA,NA,NA,NA,NA,NA,NA,NA,NA,NA,NA,NA,0 7874 097567,7895055461,evixi64@gmail.com
32,94,0,0.3075,0,0,0.045,0,0,0.09,0,0,0.09,0.0225,0.06,0,0,0.3075,1,0,94,32,2,employee,Super Mario,maricelliban0921@gmail.com,07456 910313,0,1,1,1,Filipino,1,1,5,0,0,0,6,1,1,1,0,1,1,0,0,NA,2,3,0,2,2,2,0,NA,2,1,0,0,2,0,0,0,2,0,3,0,3,3,0,2,NA,0,4,1,0,0,1,1,3,0,1,1,1,1,2,2,3,0,0,0,1,1,1,0,0,1,1,1,1,1,1,1,0,0,0,0,0,0,0,0,0,0,NA,0,NA,0,0,2,3,0,0,3,1,0,1,0,1,0,0,0,1,0,1,0,0,NA,0,4,3,0,2,0,0,3,0,0,1,0,5,NA,0,0,0,0,0,0,0,0,0,0,0,0,0,0,0,0,0,0,0,0,NA,NA,NA,NA,NA,NA,NA,NA,NA,NA,2,1,NA,0,7411555454,NA,NA,NA,NA,NA,NA,NA,NA,NA,NA,07456 910313,maricelliban0921@gmail.com,NA
54,-1,0,0.615,0.09,0,0.09,0,0,0.09,0.09,0.09,0.09,0.045,0.03,0,1,0.615,1,0,NA,54,1,agency worker,Andrea,agayoso544@gmail.com,7898232165,0,2,1,1,Filipino,2,1,4,0,0,0,3,0,1,0,0,0,0,0,0,NA,0,1,0,0,1,2,0,NA,1,2,0,0,0,1,0,0,0,1,1,2,1,2,0,1,I'm good,0,4,1,0,0,0,0,1,0,1,1,1,1,2,2,2,80,0,1,0,1,2,0,1,0,0,0,0,0,0,0,0,0,0,NA,0,1,0,0,0,0,Private ,2,NA,0,1,2,2,0,0,2,0,1,0,0,0,0,0,0,0,0,0,0,0,Generaly fearful,0,2,2,0,1,0,0,2,0,0,0,0,0,0,0,0,0,0,0,0,0,0,1,0,0,0,0,0,0,0,0,0,0,0,NA,NA,0,0,Helping processing document ,0,Good,N/A,NA,Treatly nice,1,0,NA,0,7898232165,7898232165,7898232165,7898232165,7898232165,NA,NA,To have good benefits ,NA,NA,NA,7898232165,agayoso544@gmail.com,NA
72,-1,0,0.09,0,0,0,0,0,0,0.09,0,0,0,0,0,0,0.09,1,0,NA,72,1,self-employed,Adriana ,ady2@hotmail.com,7874972922,0,2,0,1,Ecuatoriana,3,1,4,3,0,2,1,0,1,1,0,0,0,0,0,NA,4,3,0,1,4,0,0,NA,0,4,0,0,0,0,0,0,2,3,3,0,1,3,0,2,NA,0,4,0,0,1,0,1,3,0,1,1,1,1,0,3,3,0,0,0,1,1,0,0,0,1,1,1,1,1,1,1,1,1,1,0,0,0,0,0,0,0,NA,1,NA,1,0,3,3,0,0,1,0,1,1,0,0,0,0,0,1,0,1,0,0,NA,0,0,0,0,0,0,0,0,0,0,1,0,4,NA,0,0,0,0,0,0,0,0,0,0,0,0,0,0,0,0,0,0,0,0,NA,NA,NA,NA,NA,NA,El dinero ,"La forma de aplicar el tiempo de trabajo, cuando las casas son muy grandes y lejos, y el mal pago por hora",No lo se ,NA,4,3,NA,1,NA,NA,NA,NA,NA,NA,NA,NA,NA,NA,NA,7874972922,ady2@hotmail.com,"El pago por hora de limpieza es lo más mísero que he conocido en este país, si uno lo sigue haciendo es por necesidad más no porque me encante trabajar siendo explotada, todo caro en este país, pero eso si una miseria de sueldos. "
76,-1,0,0.36,0.045,0,0.045,0.09,0,0.09,0,0.09,0,0,0,1,0,0.36,1,0,NA,76,1,self-employed,Paola,Paola.classe@gmail.com,7466437978,0,0,2,1,Dominicana ,3,1,4,1,0,0,1,0,1,1,0,0,1,1,0,NA,2,2,0,2,1,1,0,NA,0,1,1,1,0,1,1,1,1,1,2,0,0,2,0,1,NA,0,3,1,0,1,1,1,2,0,1,1,1,1,0,1,3,0,0,2,1,1,0,0,0,1,0,1,0,0,0,0,1,0,0,0,0,0,0,0,0,0,NA,0,NA,3,0,3,3,0,1,2,1,0,0,0,1,0,0,0,0,0,0,0,0,NA,0,3,3,0,0,0,0,3,0,0,1,0,4,NA,0,0,0,0,0,0,0,0,0,0,0,0,0,0,0,0,0,0,0,0,NA,NA,NA,NA,NA,NA,Que me trata bien con confianza . ,Que aveces no salgo ala hora que tengo que salir porque me entretengo limpiando lo q no me corresponde .,NA,NA,NA,1,NA,NA,NA,NA,NA,NA,NA,NA,NA,NA,NA,NA,NA,7466437978,Paola.classe@gmail.com ,NA
98,96,0,0.09,0.045,0,0.045,0,0,0,0,0,0,0,0,0,0,0.09,1,0,96,98,2,self-employed,Rose,rose091073@hotmail.com ,7903809527,0,4,0,1,Filipino,3,1,6,0,0,4,3,1,1,1,0,1,0,0,0,NA,1,0,0,2,1,2,0,NA,1,0,0,0,0,0,0,0,2,0,2,0,0,2,0,2,NA,0,4,1,15,1,2,1,3,0,1,1,1,1,0,3,3,NA,0,0,1,1,0,0,0,0,1,0,0,0,0,0,0,0,0,0,0,0,0,0,0,0,NA,0,NA,0,0,3,3,0,0,3,1,0,0,0,0,0,0,0,0,0,0,0,0,NA,0,3,3,0,0,0,0,3,0,0,0,0,4,NA,0,0,0,0,0,0,0,0,0,0,0,0,0,0,0,0,0,0,0,0,NA,NA,NA,NA,NA,NA,Freedom,NA,NA,NA,0,0,NA,1,NA,NA,NA,NA,NA,NA,NA,NA,NA,NA,NA,7903809527,rose091073@hotmail.com ,NA
5,60,1,0.48,0.045,0,0.09,0,0,0.09,0,0.09,0.09,0.045,0.03,1,1,0.48,1,0,60,5,2,employee,Myline Parao,myline.delacerna@gmail.com,79518410331,0,1,3,1,Filipino,2,1,6,0,0,1,1,0,1,1,0,1,0,0,0,NA,1,0,0,0,2,1,0,NA,1,1,0,1,3,1,1,0,1,0,2,1,2,1,0,1,Mahirap pag-trabaho Wla sa kontrata pinirmahan mo.,0,3,2,10.85,0,1,1,2,0,1,1,1,1,2,0,0,0,0,0,1,0,1,0,0,1,1,1,1,1,1,1,1,1,1,0,0,0,0,0,0,1,NA,1,NA,2,0,2,2,0,0,2,1,1,1,1,1,1,1,1,1,1,1,1,1,NA,0,1,4,0,0,0,0,0,0,0,0,0,0,0,0,0,0,0,0,0,0,0,1,1,0,1,0,0,0,0,0,0,0,0,NA,0,0,Kalayaan,0,NA,Dog walking,Car cleaning,"No Car washing, No cooking,",Care giver,0,3,NA,0,7985130929,7734259095,NA,NA,NA,NA,NA,NA,NA,NA,NA,7951841033,myline.delacerna@gmail.com,Salamat Marami sa opportunity to share my experiences.
7,-1,1,0.705,0.09,0.09,0.045,0,0.09,0.09,0.09,0,0.09,0.09,0.03,1,0,0.705,1,0,NA,7,1,employee,Lani Arsenal,lani.arsenal75@gmail.com,477592509,0,1,3,0,Filipino,2,1,6,0,1,0,1,1,1,1,0,0,1,0,0,NA,1,0,0,0,1,1,0,NA,0,1,0,0,0,1,0,0,0,0,2,2,1,1,0,1,Wala,0,0,1,10.45,0,1,1,3,0,0,0,0,0,0,0,0,NA,0,1,0,0,1,0,0,1,0,0,0,1,0,1,0,0,0,0,0,0,0,0,0,0,NA,0,NA,1,0,0,0,0,0,2,0,1,0,0,0,0,0,1,0,0,0,0,0,NA,0,4,0,0,2,1,0,4,2,0,0,0,5,NA,0,0,0,0,0,0,0,0,0,0,0,0,0,0,0,0,0,0,0,0,NA,NA,NA,NA,NA,NA,NA,NA,NA,NA,1,4,NA,1,NA,NA,NA,NA,NA,NA,NA,NA,NA,NA,NA,7477592509,lani.arsenal75@gmail.com,NA
9,-1,1,0.2925,0.09,0,0.09,0,0,0,0,0.09,0,0.0225,0,0,1,0.2925,1,0,NA,9,1,employee,Mary joy,Sottomayormaryjoy@gmail.com,7367913772,0,4,0,1,Filipino,3,1,5,0,1,4,5,1,1,0,0,0,0,0,0,NA,0,0,1,0,0,4,1,NA,1,1,1,1,1,1,0,1,0,0,2,1,1,2,0,1,NA,0,4,1,10,1,0,1,2,0,1,0,1,1,3,3,3,0,0,0,0,1,1,0,0,0,0,0,1,0,0,1,0,0,0,0,0,0,0,0,0,2,NA,0,NA,0,0,3,3,0,0,2,1,0,0,0,0,0,0,0,0,0,0,0,0,NA,0,2,3,0,3,0,0,0,0,0,0,0,0,1,0,1,0,0,0,0,0,0,0,0,0,0,0,0,0,0,0,0,0,0,NA,0,0,0,0,NA,Relasyon sa amo,Wala,Masaya,Wala na,0,0,NA,0,NA,NA,NA,NA,NA,NA,NA,NA,NA,NA,NA,7367913772,Sottomayormaryjoy@gmail.com,NA
13,-1,1,0.1875,0,0,0.045,0,0,0,0,0.09,0,0.0225,0.03,0,0,0.1875,1,0,NA,13,1,employee,Elizabeth ortiz,Elizaortiz1964@icloud.com,7398198433,0,4,3,0,Filipino,3,1,6,0,1,4,1,1,1,0,0,0,0,0,0,NA,0,0,1,0,0,3,1,NA,0,0,0,0,0,0,0,0,0,0,3,3,3,3,1,0,"Minsan ang amo amusado s domestic work, tingin nla s iba mababa lng,",1,4,1,11,1,1,1,2,1,1,1,1,1,3,3,3,1,1,0,1,1,1,0,0,1,1,1,1,1,1,1,1,1,1,0,0,0,0,0,0,0,Isangpribadong individual,2,Sa pammagitan ng isang ahensya na nkabase sa uk,0,3,3,3,1,0,0,1,1,1,1,1,1,1,1,1,1,1,1,1,Wala akong problema sa trbho,1,3,3,1,3,1,1,3,0,1,1,1,2,NA,0,0,0,0,0,0,0,0,0,0,0,0,0,0,0,0,0,0,0,0,NA,NA,NA,Ang loyer,NA,NA,Maayos na trabho,Wla kng trbho,Masaya ako,Lubos akong my tumurulong s akin,0,0,NA,0,7831009330,7443901182,7427661848,785299020,7890184078,7494166443,7311053135,7375331411,7808219971,7768458874,NA,7398198433,Elizaortiz1964@icloud.com,Sana marami pa kaung Matulungan
14,93,1,0.7125,0.09,0.09,0.09,0,0.045,0.09,0.09,0.09,0,0.0675,0.06,1,1,0.7125,1,0,93,14,2,employee,ricass,ricassamyjane@gmail.com,7823598150,0,3,1,1,Filipino,2,1,5,2,4,1,5,1,1,1,0,1,0,0,0,NA,0,2,3,2,2,2,4,NA,0,2,2,0,0,0,0,0,0,0,2,2,2,2,5,0,Napakaganda,5,2,1,3,1,0,1,2,4,0,0,1,0,2,0,0,3,6,0,0,0,1,0,0,1,1,1,0,1,0,1,1,0,0,0,0,0,0,0,0,1,Isang ihensya,0,Personal na referal,0,2,2,2,4,0,2,1,0,1,0,1,0,0,1,0,0,0,0,0,Karaniwang akong komportable at masaya335571,7,2,2,5,2,0,5,2,0,5,0,6,0,0,0,1,0,0,1,0,0,0,1,0,0,1,0,0,0,0,0,0,0,0,Kalayaan,5,5,Kalayaan,0,NA,Beaktime day off,Over work,Break time,May day off at break time,0,0,NA,0,7575744493,7309055303,7366528118,NA,NA,NA,NA,NA,NA,NA,7823598150,7823598150,ricassamyjane@gmail.com,Maraming salamat po sa pag bibigay ng empormasyon na ito
67,61,1,0.2025,0,0,0.09,0,0,0,0,0,0,0.0225,0.09,0,0,0.2025,1,0,61,67,2,self-employed,Ivy,Ivheeluna1628@gmail.com,7551596815,0,4,3,1,Filipino,3,1,5,0,0,4,6,1,1,1,0,0,0,0,1,Maglakad ng aso,1,2,0,0,1,3,0,NA,1,1,1,1,1,1,1,1,1,1,3,1,0,2,0,1,NA,0,4,1,15,1,1,1,3,0,1,1,1,1,2,3,3,0,0,0,1,1,0,0,0,0,0,0,0,0,0,0,1,0,1,0,0,0,0,0,0,0,NA,0,NA,0,2,2,3,0,0,3,1,0,0,0,1,0,1,0,1,0,0,0,0,NA,0,3,3,0,0,0,0,2,1,0,0,0,4,NA,0,0,0,0,0,0,0,0,0,0,0,0,0,0,0,0,0,0,0,0,NA,NA,NA,NA,NA,NA,Ang koneksyon sa employer,Wala,Masaya,Masaya ang aking trabaho,1,0,NA,0,7821689503,NA,NA,NA,NA,NA,NA,NA,NA,NA,NA,7551596815,Ivheeluna1628@gmail.com,NA
75,-1,1,0.3075,0.045,0,0.045,0.09,0.045,0,0,0,0,0.0225,0.06,1,0,0.3075,1,0,NA,75,1,self-employed,Liliana,eli199220@gmail.com,7599663067,0,1,0,1,Española ,3,1,4,1,1,0,0,0,1,1,0,0,0,0,0,NA,3,2,0,3,3,2,0,NA,0,1,1,0,0,0,0,0,0,0,2,0,1,2,0,2,NA,0,3,1,0,1,1,1,3,0,0,1,2,1,0,3,2,0,0,2,1,1,0,0,2,0,0,0,0,0,0,0,0,0,0,NA,0,0,0,0,0,0,NA,0,NA,0,2,2,4,0,1,2,1,0,0,0,0,0,0,0,0,0,0,0,0,NA,1,4,3,1,0,0,0,3,0,0,1,0,4,NA,0,0,0,0,0,0,0,0,0,0,0,0,0,0,0,0,0,0,0,0,NA,NA,NA,NA,NA,NA,NA,NA,NA,NA,1,3,NA,0,7734035613,7415302538,NA,NA,NA,NA,NA,NA,NA,NA,NA,7599663067,eli199220@gmail.com,NA
79,-1,1,0.21,0,0,0.09,0,0,0,0,0.09,0,0,0.03,0,0,0.21,1,0,NA,79,1,self-employed,Maria,teresa812009@hotmail.com,7413641432,0,3,0,1,Venezolana,3,1,5,1,1,2,4,1,1,1,0,0,0,0,0,NA,2,3,1,1,2,0,1,NA,2,4,2,1,1,2,2,2,1,3,3,1,1,2,0,2,NA,1,4,1,20,1,1,1,2,1,1,1,1,1,3,3,3,0,1,0,1,0,0,0,0,1,1,1,0,1,1,1,1,1,1,0,0,0,0,0,0,0,NA,0,NA,0,2,4,3,1,0,4,0,0,0,0,0,0,0,1,0,0,0,0,0,NA,0,3,3,0,1,0,0,4,0,0,1,1,4,NA,0,0,0,0,0,0,0,0,0,0,0,0,0,0,0,0,0,0,0,0,NA,NA,NA,NA,NA,NA,NA,NA,NA,NA,1,3,NA,0,7404706710,NA,NA,NA,NA,NA,NA,NA,NA,NA,NA,7413631432,teresa812009@hotmsil.com,NA
83,80,1,0.12,0.045,0,0.045,0,0,0,0,0,0,0,0.03,0,0,0.12,1,0,80,83,2,self-employed,Rosi,rosicacuango13@gmail.com,7761626784,0,4,0,1,Ecuadorian,3,1,5,1,0,2,0,0,1,0,0,0,0,0,0,NA,0,0,0,2,2,3,0,NA,0,2,0,0,2,1,1,0,0,0,3,0,0,3,0,0,NA,0,4,0,16,1,1,1,3,0,1,1,1,1,3,3,3,0,0,0,0,1,0,0,0,1,1,1,1,1,1,1,1,1,1,0,0,0,0,0,0,0,NA,0,NA,1,2,3,3,0,0,0,1,0,0,0,0,0,0,0,0,0,0,0,0,NA,0,2,3,0,0,0,0,3,0,0,1,0,5,NA,0,0,0,0,0,0,0,0,0,0,0,0,0,0,0,0,0,0,0,0,NA,NA,NA,NA,NA,NA,NA,NA,NA,NA,0,0,NA,1,NA,NA,NA,NA,NA,NA,NA,NA,NA,NA,NA,rosicacuango13@gmail.com,rosicacuango13@gmail.com,NA
34,93,2,0.1125,0,0,0.09,0,0,0,0,0,0,0.0225,0,0,0,0.1125,1,0,93,34,2,employee,Belen,cauncerananalisa@gmail.com,7778446567,0,4,0,1,Filipino,3,1,6,0,0,4,2,0,1,1,1,1,1,1,0,NA,1,2,0,2,2,2,0,NA,2,3,0,0,2,2,2,0,0,0,3,0,0,2,0,1,NA,0,4,1,9.50 ,1,0,0,3,0,1,1,1,1,2,3,1,2,0,0,1,1,1,1,NA,0,0,0,0,0,0,0,0,0,0,NA,0,0,0,0,0,0,NA,0,NA,0,0,3,3,0,0,2,1,0,0,0,1,1,1,0,1,0,1,0,0,NA,0,3,3,0,0,0,0,0,0,0,0,0,2,NA,1,0,0,0,0,0,0,0,1,1,0,1,0,0,0,0,0,0,0,0,NA,NA,NA,NA,NA,NA,Additional hour and additional pay,Less hour/ less pay,Neutral,Thank you,1,0,NA,0,7771621866,NA,NA,NA,NA,NA,NA,NA,NA,NA,NA,7778446567,cauncerananalisa@gmail.com,Thank you so much for the survey
46,-1,2,0.24,0.045,0,0.045,0,0,0,0,0,0,0.09,0.06,1,0,0.24,1,0,NA,46,1,agency worker,Clarissa,Clarissaesteves@gmail.com ,07456 057337,0,3,3,1,Brasileira,3,1,5,2,2,2,4,0,1,1,0,1,1,1,0,NA,3,0,0,3,3,2,2,NA,1,2,1,1,0,2,0,0,2,3,2,2,3,4,0,3,NA,0,2,2,0,2,1,0,4,0,2,2,1,2,2,4,1,6,0,1,2,2,2,0,1,0,0,0,0,0,0,0,0,0,0,NA,1,1,0,1,1,1,NA,0,NA,3,2,2,2,0,0,2,0,0,0,0,0,1,0,1,1,0,1,0,0,NA,0,4,4,0,3,1,0,3,2,0,1,0,4,NA,0,0,0,0,0,0,0,0,0,0,0,0,0,0,0,0,0,0,0,0,NA,NA,NA,NA,NA,NA,NA,NA,NA,2,4,NA,NA,1,NA,NA,NA,NA,NA,NA,NA,NA,NA,NA,NA,07456 057337 ,clarissaesteves@gmail.com,NA
47,73,2,0.4125,0.045,0.09,0.045,0,0.045,0,0,0,0.09,0.0675,0.03,1,0,0.4125,1,0,73,47,2,agency worker,Yaneysi Brito ,yaneysib81@hotmail.com,7916234438,0,4,0,1,Cuba,3,1,6,1,2,2,0,0,1,1,1,0,0,1,1,Give medication too,1,3,0,1,2,0,0,NA,0,1,0,0,0,0,0,0,0,0,3,0,2,3,0,0,NA,0,2,2,8,0,0,1,3,0,0,1,1,0,3,3,1,5,0,1,0,1,2,0,1,0,0,0,0,0,0,0,0,0,0,NA,1,0,0,0,0,1,NA,0,NA,1,0,2,2,0,0,3,0,0,1,0,0,0,0,1,1,0,1,0,0,NA,0,4,3,0,4,0,0,0,2,0,0,0,4,NA,0,0,0,0,0,0,0,0,0,0,0,0,0,0,0,0,0,0,0,0,NA,NA,NA,NA,NA,NA,Cuando te tratan con mala forma,"Si tienen todo lo que necesito, si me facilitan las cosas",NA,5,3,NA,NA,0,07414 147414,NA,NA,NA,NA,NA,NA,NA,NA,NA,NA,7916234438,Yaneysib81@hotmail.com,Espero y las personas para la que trabajamos tengan una Actitud diferente? Sonó personas trabajadoras no Criados de nadie no somos Esclavos
77,-1,2,0.6075,0.045,0,0.09,0.09,0.045,0,0.09,0.09,0,0.0675,0.09,1,1,0.6075,1,0,NA,77,1,self-employed,Lina,linavictori@gmail.com,7774048872,0,3,3,1,Panama,2,1,6,2,2,1,6,1,1,1,1,1,1,0,1,"lavar la ropa, hacer las camas, pasar la aspiradora, barrer la terraza, regar las flores, acompanarlos en sus viajes.",3,3,2,1,3,0,2,NA,0,0,0,0,0,1,2,0,3,5,2,3,3,2,0,4,"En mi primer trabajo en Uk era Nanny housekeeper solo tenia un dia libre, vivia en casa de mis jefes, trabajaba unas 72 horas a la semana mi sueldo era 700pounds  Mi trabajo mas reciente era cuidando una anciana 24horas sin dia libre  por 400 pound al mes.",2,0,1,0,1,1,2,2,0,0,1,1,1,3,4,2,2,1,1,1,0,0,1,NA,0,0,0,0,0,0,0,0,0,0,NA,0,0,0,0,0,0,NA,1,NA,3,3,0,2,2,1,3,0,0,0,1,0,0,0,1,0,1,0,1,1,ansiedad por no saber como salir de esa situacion en especial durante la pandemia y los meses que siguieron.,0,1,2,1,2,1,1,3,0,2,1,0,0,1,0,0,0,0,0,0,0,0,1,0,0,0,0,0,0,0,0,0,1,0,Latin America House fue el primer lugar que me ayudaron vi un anuncio en facebook ,0,0,Anuncios en redes sociales. Yo llegue a Latin American house por un anuncio de Facebook,0,NA,En Uk he trabajado como nanny y como Carer. Amo cuidar de otros.,Las largas horas de trabajo sin tiempo libre. Es muy dificil atender 24 horas a una persona adulta o un nino  y que la familia no entienda que uno necesitas tiempo libre.,establecer un horario de trabajo y tiempos de descanso.,El trabajo domestico live in se presta a todo tipo de abusos en especial si atendemos ninos o ancianos. Tus jefes disponen de tu tiempo libre y cuando te das cuenta estas disponible 24 horas.,4,3,NA,1,NA,NA,NA,NA,NA,NA,NA,NA,NA,NA,NA,7774048872,linavictori@gmail.com,"En medio de la pandemia de Covid vi un anuncio en Facebook de Latin American House que hablaba de la esclavitud moderna. En ese momento entendi que yo era victima de eso. Hasta ese momento yo no lo habia visto asi, en mi pais es muy normal trabajar largas horas sin tiempo libre por un salario bajo. Yo tuve dos trabajos en Uk en estas condiciones. Me alegro que nos den voz en esta encuesta. Dios les bendiga"
82,78,2,0.075,0,0,0.045,0,0,0,0,0,0,0,0.03,0,0,0.075,1,0,78,82,2,self-employed,Danilda ,danildaramos@live.com ,7404706710,0,1,1,1,Dominicana ,2,1,5,1,0,0,1,0,1,0,0,0,0,0,0,NA,3,3,0,1,3,0,0,NA,0,4,1,0,0,1,0,0,2,1,3,0,1,3,0,2,NA,0,4,0,400 ,1,1,1,3,0,1,1,1,1,3,3,3,0,0,0,1,1,0,0,0,1,0,0,0,0,0,0,0,0,0,0,0,0,0,0,0,2,NA,0,NA,0,1,2,3,0,0,3,0,0,1,0,0,0,1,0,1,0,1,0,0,NA,0,3,3,0,1,1,0,3,3,0,1,0,4,NA,0,0,0,0,0,0,0,0,0,0,0,0,0,0,0,0,0,0,0,0,NA,NA,NA,NA,NA,NA,Cuando el cliente queda sastifecho con mi trabajo realizado.,Cuando no tengo todos los producto necesario para hacer bien el trabajo. O cuando un trabajo demanda mas tiempo y el cliente quiere disponer el tiempo a favor de el .,La division de la casa comenzar por los mas sucio y terminar por los limpio . Me facilita tiempo y menos fastiga al trabajo. ,Que la amas de casa deberian tener limpiadores 2 veces por semana .,0,3,NA,0,7878176510,07983 460915,07428 464545,NA,NA,NA,NA,NA,NA,NA,NA,7404706710,danildaramos@live.com ,Excelente investigacion y informacion para los trabajadores domestico. 
84,-1,2,0.78,0.045,0.09,0.09,0,0.045,0.09,0.09,0.09,0.09,0.09,0.06,1,0,0.78,1,0,NA,84,1,self-employed,Wendy Gomez,lizeth.liro@gmail.com,7308089098,0,4,1,1,Mexicana,3,1,4,2,1,2,4,1,1,1,1,1,1,1,1,Planchar,3,2,1,2,3,1,1,NA,0,0,0,0,0,0,0,0,2,3,1,3,2,1,1,2,NA,1,0,2,15,0,0,0,1,1,0,2,1,0,3,0,0,30,0,1,1,0,0,0,0,1,1,1,1,1,1,1,1,0,1,0,0,0,0,0,0,0,NA,0,NA,0,3,0,0,1,0,3,0,1,0,0,0,0,0,1,0,1,0,1,0,Depresion y ansiedad ,1,4,0,0,3,1,0,3,2,0,1,0,5,NA,0,0,0,0,0,0,0,0,0,0,0,0,0,0,0,0,0,0,0,0,NA,NA,NA,NA,NA,NA,NA,Tener que hacer el trabajo que no me corresponde y que no me pagan más por hacerlo.,Si,NA,4,3,NA,0,7404341167,O7526147101,NA,NA,NA,NA,NA,NA,NA,NA,NA,7308089098,lizeth.liro@gmail.com,NA
96,-1,2,0.36,0.09,0.09,0.09,0,0.09,0,0,0,0,0,0,0,0,0.36,1,0,NA,96,1,self-employed,Wendy,wendelynaltavano36@gmail.com,7587395936,0,4,0,1,Asian,3,1,5,0,2,2,1,1,1,1,0,1,1,0,1,Dog walking,1,3,2,2,1,2,2,NA,0,2,0,0,0,1,0,0,0,0,2,1,1,1,2,1,NA,2,4,2,13,1,0,1,3,2,0,1,0,0,2,3,3,0,2,0,0,1,0,0,0,0,0,0,0,1,1,0,1,0,0,0,0,0,0,0,0,0,NA,2,NA,0,0,3,3,2,0,1,1,0,1,0,1,0,1,0,1,0,1,0,0,NA,2,3,3,2,0,0,2,0,0,2,0,2,2,NA,0,1,0,0,0,0,0,0,0,1,1,1,1,0,1,0,0,0,0,0,NA,NA,NA,NA,NA,NA,I'm flexible.,If Employers has a bad mouth.,NA,NA,3,0,NA,NA,NA,NA,NA,NA,NA,NA,NA,NA,NA,NA,NA,7587395936,wendelynaltavano36@gmail.com,NA
71,-1,3,0.135,0.045,0,0.09,0,0,0,0,0,0,0,0,0,0,0.135,1,0,NA,71,1,self-employed,Elizabeth ,elisiralugo@gmail.com,7415772291,0,2,3,1,Venezolana ,2,1,6,1,0,0,1,1,0,0,1,1,0,1,0,NA,1,1,0,2,1,2,0,NA,2,1,1,5,5,3,2,1,0,1,3,2,2,2,0,2,NA,0,4,2,10,1,1,1,3,0,1,1,1,1,2,3,3,0,0,1,0,1,0,0,0,1,0,1,0,1,0,1,0,0,0,0,0,0,0,0,0,0,NA,1,NA,3,1,3,3,0,0,3,1,0,1,0,0,0,1,0,1,0,1,0,0,NA,0,4,3,0,1,0,0,3,0,0,1,0,4,NA,0,0,0,0,0,0,0,0,0,0,0,0,0,0,0,0,0,0,0,0,NA,NA,NA,NA,NA,NA,No hago mucha fuerza,Lidiar con el carácter de la otra persona ,No lo se,Considero mi trabajo 7 del 1 al 10,1,3,NA,0,NA,NA,NA,NA,NA,NA,NA,NA,NA,NA,NA,7415772291,elisiralugo@gmail.com,"Envié el link a tres amigas, no tengo autorización para dar sus nros de teléfono."
81,-1,3,0.21,0,0.09,0.045,0,0,0,0,0,0,0.045,0.03,0,0,0.21,1,0,NA,81,1,self-employed,Celeste Álvarez ,aditaram24@gmail.com,7841677092,0,2,0,0,NA,3,1,4,3,4,2,0,0,1,1,0,1,0,1,0,NA,3,2,3,2,3,0,3,NA,0,0,0,3,0,0,0,0,0,0,3,1,2,2,3,2,NA,3,4,1,10,1,1,1,3,3,1,1,1,0,0,3,1,0,3,0,1,0,0,0,0,1,1,1,1,1,1,1,1,1,1,0,0,0,0,0,0,2,NA,1,NA,1,0,2,3,3,0,3,0,1,1,0,0,0,1,0,1,0,1,0,0,NA,3,3,3,3,2,0,3,3,0,0,1,3,4,NA,0,0,0,0,0,0,0,0,0,0,0,0,0,0,0,0,0,0,0,0,NA,NA,NA,NA,NA,NA,El poco dinero que gano ,El salario ,No lo se ,NA,3,3,NA,0,7740341102,7918683080,7455402525,7981062775,7443525710,7887428919,7481555287,7578259259,7834540016,7388285373,7739989679,7841677092,aditaram24@gmail.com,Thank you so much for your valuable help.
39,36,5,0.785,0.09,0.09,0.05,0,0.045,0.09,0.09,0.09,0.09,0.09,0.06,1,0,0.785,1,0,36,39,2,employee,Dotty,fdotty51@gmail.com,7365004604,0,4,3,0,Indian,3,1,6,0,5,4,6,3,1,1,1,1,1,1,0,NA,3,4,5,1,3,0,5,NA,4,2,2,2,1,1,1,1,2,0,1,3,2,2,5,3,We have no right for ourself,5,2,2,8,0,0,0,0,5,0,0,1,0,3,0,0,15,5,1,0,0,1,0,0,1,1,1,1,1,0,1,0,0,0,0,0,0,0,0,0,1,Door,0,NA,0,1,1,1,5,0,2,0,1,1,0,0,1,0,0,0,0,0,0,0,NA,5,1,2,5,3,1,5,2,1,5,0,5,4,NA,0,0,0,0,0,0,0,0,0,0,0,0,0,0,0,0,0,0,0,0,NA,NA,NA,NA,NA,NA,NA,NA,NA,NA,1,2,NA,0,NA,NA,NA,NA,NA,NA,NA,NA,NA,NA,NA,7365004604,Fdotty51@gmail.com,NA
48,-1,5,0.285,0,0,0.045,0,0,0,0,0,0.09,0.09,0.06,1,0,0.285,1,0,NA,48,1,agency worker,Nataly ,ujohanna74@gmail.com,7360683679,0,3,0,1,Ecuadorian ,3,1,4,1,4,1,1,0,1,1,0,0,0,0,1,Aspirar polvo y limpiar vidrios ,2,3,1,3,2,0,3,NA,1,1,0,1,1,1,0,0,1,2,3,0,2,2,0,2,NA,1,2,2,10,0,1,0,3,0,1,1,1,1,1,3,2,1,0,1,1,0,2,0,1,0,0,0,0,0,0,0,0,0,0,NA,0,1,0,0,1,1,NA,1,NA,1,2,2,2,2,0,3,0,0,0,0,0,0,0,1,1,0,0,1,0,NA,2,4,4,0,2,1,2,3,2,0,1,0,4,NA,0,0,0,0,0,0,0,0,0,0,0,0,0,0,0,0,0,0,0,0,NA,NA,NA,NA,NA,NA,La limpieza a Fondo es muy cansada ,Hacer las mas frecuentemente ,3,3,NA,1,NA,NA,NA,NA,NA,NA,NA,NA,NA,NA,NA,NA,NA,7360683679,ujohanna74@gmail.com,NA
51,87,5,0.795,0.09,0.09,0.045,0.09,0.09,0.09,0.09,0,0.09,0.09,0.03,1,1,0.795,1,0,87,51,3,agency worker,Lucy Valles,lucycastillovalles@gmail.com,0 7453 269828,0,3,1,1,Filipino,2,1,4,0,5,0,1,0,0,0,0,0,0,0,1,All around,0,0,0,0,1,3,0,NA,0,0,0,0,0,0,0,0,3,0,2,2,2,0,0,1,"Good, because I can manage it.",0,3,1,12,0,1,1,3,0,0,0,0,0,0,0,0,1,5,0,0,1,2,0,1,0,0,0,0,0,0,0,0,0,0,NA,0,0,0,0,1,0,NA,0,NA,0,0,2,2,3,1,3,1,1,1,1,1,1,1,1,1,1,1,1,1,NA,2,0,0,0,3,0,0,2,2,1,1,0,0,0,0,0,0,0,0,0,0,0,1,0,0,0,0,0,0,0,0,0,0,0,NA,NA,5,0,"To find a good job,and also have a benefits.",0,NA,NA,NA,NA,0,0,NA,0,0 7453 269828,NA,NA,NA,NA,NA,NA,NA,NA,NA,NA,0 7453 269828,lucycastillovalles@gmail.com,NA
78,-1,6,0.3525,0,0,0.045,0.09,0,0,0,0,0.09,0.0675,0.06,1,0,0.3525,1,0,NA,78,1,self-employed,Luisa lopez,Luisalopez796@gmail.com,0 7803 574209,0,2,0,1,Colombiana,1,1,3,0,2,0,1,1,1,0,0,0,0,0,1,Limpiar en negocios,2,3,5,3,3,0,5,NA,1,2,0,0,0,1,1,1,2,3,3,1,2,2,2,2,NA,0,2,1,12,0,0,1,3,2,1,1,1,1,0,3,0,2,2,1,1,1,0,0,2,0,0,0,0,0,0,0,0,0,0,NA,0,0,0,0,0,0,NA,0,NA,3,3,2,2,0,1,3,0,1,0,1,0,0,0,1,0,0,0,1,0,NA,0,3,3,0,1,1,0,3,1,0,1,0,5,NA,0,0,0,0,0,0,0,0,0,0,0,0,0,0,0,0,0,0,0,0,NA,NA,NA,NA,NA,NA,No lo se ,El trato ,No lo se ,NA,2,3,NA,1,3113081765,0 7803 574209,NA,NA,NA,NA,NA,NA,NA,NA,NA,0 7803 574209,Luisalopez796@gmail.com,NA
80,-1,7,0.645,0.045,0,0.09,0,0.045,0.09,0.09,0.09,0.09,0.045,0.06,1,0,0.645,1,1,NA,80,1,self-employed,Noemi Gavilanes ,noemi_gavilanes@hotmail.com,7897506054,0,4,0,1,Latin American ,3,1,6,2,5,1,5,3,1,1,0,1,1,1,1,Mi hogar y ademas trabajo 8 horas,2,2,0,2,2,0,0,NA,0,3,0,2,2,2,0,0,2,2,2,0,2,2,0,2,NA,0,3,3,NA,0,1,1,1,0,0,2,2,2,2,0,0,O,0,1,1,0,0,0,2,0,0,0,0,0,0,0,0,0,0,NA,0,0,0,0,0,0,NA,0,NA,3,3,0,3,0,0,2,0,1,1,0,0,1,0,1,0,1,0,1,0,NA,0,2,0,0,2,0,0,3,4,0,0,0,5,NA,0,0,0,0,0,0,0,0,0,0,0,0,0,0,0,0,0,0,0,0,NA,NA,NA,NA,NA,NA,Flexible ,Que le traten mal,Sin presiones,NA,1,3,NA,0,7828966800,7440688324,NA,NA,NA,NA,NA,NA,NA,NA,NA,7897596054,noemi_gavilanes@hotmail.com,NA
38,-1,9,0.6225,0.045,0.09,0.09,0,0.09,0.09,0,0,0.09,0.0675,0.06,1,0,0.6225,1,0,NA,38,1,employee,Mwrcy,md184@yahoo.co.uk,7588781440,0,4,0,1,Filipino,3,1,6,0,7,4,1,0,1,1,1,1,1,1,0,NA,2,2,7,2,2,2,7,NA,0,5,0,0,0,2,0,0,3,2,0,2,3,2,9,3,"they are not paying me the amount of wages,no pay,no work.No holiday",8,2,1,12,0,1,0,2,8,0,0,0,0,3,0,0,NA,7,1,1,1,1,0,0,1,1,1,1,1,1,1,0,0,1,0,0,0,0,0,0,0,NA,0,NA,3,3,1,0,8,0,0,0,0,0,0,0,0,0,1,1,1,0,1,0,NA,7,1,4,7,2,0,7,2,1,8,0,8,2,NA,1,0,0,0,0,0,0,0,1,1,0,1,0,0,0,0,0,0,0,0,NA,NA,NA,NA,NA,NA,"to have a holiday,be paid and right wages.And to have a working permit.Contract","My wages,my day off.",yes,i need my proper rights,0,3,NA,0,7846555232,7486181088,NA,NA,NA,NA,NA,NA,NA,NA,NA,7588781440,md184@yahoo.co.uk,i hope the uk gov't can give us all a chance to have proper permit to work her in uk and to see our family backhome and to comeback here again to  work.🙏🥰
15,-1,10,0.1725,0.045,0,0.045,0,0,0,0,0,0,0.0225,0.06,0,0,0.1725,1,0,NA,15,1,employee,Kika,Kikagherman@gmail.com,7703886449,0,3,0,1,Brazilian ,3,1,6,1,1,4,6,1,0,0,0,0,1,1,0,NA,2,3,0,0,1,2,0,NA,1,2,0,0,0,1,0,0,1,0,3,1,1,1,0,2,A casa tem mtas escadas ,0,4,2,12,1,1,0,3,0,1,1,1,1,0,3,3,NA,0,0,0,1,1,0,0,1,1,0,1,0,1,1,0,0,0,0,0,0,0,0,0,0,NA,0,NA,0,0,2,2,0,0,3,0,1,1,0,0,0,0,1,0,0,1,0,0,NA,0,3,3,0,1,0,0,3,0,0,0,0,4,NA,0,0,0,0,0,0,0,0,0,0,0,0,0,0,0,0,0,0,0,0,NA,NA,NA,NA,NA,NA,NA,NA,Subir e descer mtas escadas ,Não ter q começar mto cedo ,1,1,NA,0,NA,NA,NA,NA,NA,NA,NA,NA,NA,NA,NA,7703886449,Kikagherman@gmail.com,NA
18,42,10,0.2025,0.045,0,0.045,0,0,0,0,0,0.09,0.0225,0,0,0,0.2025,1,0,42,18,4,employee,Michell,michel_0611@hotmail.com,7526147101,0,4,2,1,Española,3,1,4,1,0,2,3,0,1,1,0,0,1,0,0,NA,1,2,0,1,1,2,1,NA,1,2,0,0,0,1,0,1,0,0,3,0,0,3,0,2,NA,0,4,2,12.5,0,0,1,3,0,1,1,1,1,2,3,3,0,0,0,0,1,1,0,0,1,0,0,0,0,1,0,0,0,0,0,0,0,0,0,0,3,Empresa ,0,NA,0,1,3,3,0,0,3,1,0,1,0,1,0,1,0,1,0,1,0,0,NA,0,3,3,0,1,0,0,2,2,0,1,2,4,NA,0,0,0,0,0,0,0,0,0,0,0,0,0,0,0,0,0,0,0,0,NA,NA,NA,NA,NA,NA,NA,El ambiente de trabajo ,NA,NA,0,0,NA,0,7405095379,7521144381,NA,NA,NA,NA,NA,NA,NA,NA,NA,7526147101,michel_0611@hotmail.com,NA
33,93,10,0.78,0.045,0.09,0.09,0,0.045,0.09,0.09,0.09,0.09,0.09,0.06,0,0,0.78,1,0,93,33,2,employee,Jhoy,Joylawas02@gmail.com,7455381956,0,4,0,1,Filipino,3,1,5,1,2,3,5,1,1,1,0,0,0,1,1,Lookafter cat and dog,1,2,0,2,2,2,0,NA,0,0,0,0,0,0,0,0,2,0,2,2,2,0,0,1,NA,0,4,1,15,0,0,0,0,2,0,0,1,0,2,2,1,NA,0,0,1,1,1,0,0,1,1,1,1,1,1,1,1,1,1,0,0,0,0,0,0,0,NA,0,NA,3,2,2,2,0,0,2,0,0,0,0,0,0,1,1,1,0,0,0,0,NA,0,2,2,0,2,0,0,2,2,0,1,0,2,NA,1,1,0,0,0,0,0,0,1,1,0,0,0,0,0,0,0,0,0,0,NA,NA,NA,NA,NA,NA,NA,NA,NA,NA,1,2,NA,1,NA,NA,NA,NA,NA,NA,NA,NA,NA,NA,NA,7455381956,Joylawas02@gmail.com,NA
35,-1,10,0.1425,0.045,0,0.045,0,0,0,0,0,0,0.0225,0.03,1,1,0.1425,1,0,NA,35,1,employee,Ritchel,ritchel.vigente15@gmail.com,4479400 51235,0,2,3,1,Filipino,1,1,5,0,2,0,5,2,1,1,1,1,1,1,0,NA,2,2,3,0,2,1,3,NA,0,0,0,0,0,0,0,0,2,0,1,3,3,0,3,2,NA,3,3,1,0,1,1,1,3,3,1,1,1,1,0,3,2,1,3,1,1,0,1,0,0,0,1,1,0,0,0,1,0,0,0,0,0,0,0,0,0,0,NA,0,NA,0,1,0,3,3,0,3,1,0,1,0,0,0,0,0,0,0,0,0,0,NA,3,3,3,0,0,0,0,1,0,0,0,0,0,1,0,0,0,0,0,0,0,0,0,0,1,0,0,0,0,0,0,0,0,0,NA,10,0,"Yes,through organizations like The vlice of domestic workers who cater migrant workers who suffered from human slavery and exploitation",0,NA,Respect for my privacy,Working long hours,Agreement for both parties between employer and employee,1,2,NA,NA,NA,NA,NA,NA,NA,NA,NA,NA,NA,NA,NA,NA,4.48E+11,ritchel.vigente15@gmail.com,NA
74,-1,10,0.18,0.09,0,0.09,0,0,0,0,0,0,0,0,0,1,0.18,1,0,NA,74,1,self-employed,Marisol Guzman Quispe ,marisolguzman85.ml@gmail.com,07886888873 ,0,4,2,1,Boliviana,3,1,6,1,0,4,1,0,1,1,0,0,0,0,0,NA,1,0,0,0,1,2,0,NA,0,0,0,0,0,1,0,0,1,0,0,0,0,0,0,0,NA,0,4,2,10.85,1,1,0,3,0,1,1,1,1,3,3,3,0,0,0,0,1,0,0,1,0,0,0,0,0,0,0,0,0,0,NA,0,1,0,0,0,2,NA,0,NA,0,0,3,3,0,0,0,1,0,1,0,1,0,0,0,1,0,0,0,0,NA,0,1,3,0,0,0,0,0,0,0,0,0,0,0,0,0,0,0,0,1,1,0,0,0,0,0,0,0,0,0,0,0,0,0,NA,0,0,Participando,NA,NA,10,NA,Si,Hablar,0,0,NA,1,0 7471 835445,NA,NA,NA,NA,NA,NA,NA,NA,NA,NA,07886888873 ,marisolguzman85.ml@gmail.com,NA
73,-1,15,0,0,0,0,0,0,0,0,0,0,0,0,0,0,0,0,0,NA,73,1,self-employed,Claudia Liliana Anaya ,kayita306@hotmail.com,7387003742,0,3,0,1,Spanish,3,1,6,1,0,1,0,0,1,1,0,0,0,0,0,NA,0,2,0,0,1,2,0,NA,0,0,0,0,1,2,0,0,2,3,3,0,0,3,0,1,No,0,4,0,15,1,1,1,3,0,1,1,1,1,0,3,3,0,0,0,1,1,0,0,0,0,0,0,0,0,0,1,0,0,0,0,0,0,0,0,0,0,NA,0,NA,1,0,3,3,0,0,0,1,0,0,0,1,0,1,0,1,0,0,0,0,NA,0,3,3,0,0,0,0,3,0,0,0,0,4,NA,0,0,0,0,0,0,0,0,0,0,0,0,0,0,0,0,0,0,0,0,NA,NA,NA,NA,NA,NA,"Hacer el trabajo en mis tiempos libres y recibir una buena paga, especialmente si es en efectivo y no pago impuestos sobre ese dinero.","Las distancias de las casas que consigo, comúnmente son siempre lejos.",Creo que hago mi trabajo bien y me gusta.,"Me parece genial que está Organización se preocupe por las condiciones, proa y contras del trabajo doméstico. ",0,5,Poder acceder al curso que quiero hacer de Teaching Assistant para cambiar definitivamente de trabajo y dedicarme al trabajo con niños.,1,NA,NA,NA,NA,NA,NA,NA,NA,NA,NA,NA,7387003742,kayita306@hotmail.com,NA
17,74,20,0.6825,0.045,0.09,0.09,0.09,0.045,0.09,0,0.09,0.09,0.0225,0.03,1,0,0.6825,1,0,74,17,2,employee,Soledad ,whilmitta@hotmail.com,7472835445,0,4,2,1,Latín spanish ,3,1,5,2,15,2,1,1,1,1,0,0,0,0,0,NA,3,3,20,1,3,0,20,NA,3,0,0,0,0,0,0,0,3,2,2,2,2,1,0,3,Fuera de las normas de trabajo ,20,2,2,15,0,0,0,2,3,0,1,1,0,2,1,2,2,3,1,1,1,1,0,0,1,1,1,1,1,1,1,1,1,1,0,0,0,0,0,0,0,NA,1,NA,1,2,4,4,0,1,4,0,0,0,0,0,0,0,1,0,0,0,0,0,NA,0,4,3,0,4,2,0,4,4,0,1,20,5,NA,0,0,0,0,0,0,0,0,0,0,0,0,0,0,0,0,0,0,0,0,NA,NA,NA,NA,NA,NA,NA,NA,NA,NA,NA,5,NA,NA,NA,73081770701,07886 888873,07446 627694,07502 285162,07754 258465,07383 017089,07521 406981,07577 010081,07984 214022,07367 525752,7471835445,whilmitta@hotmail.com,NA
21,-1,20,0.5625,0.045,0.09,0.045,0,0.045,0.09,0,0.09,0,0.0675,0.09,1,0,0.5625,1,0,NA,21,1,employee,Ghie Ghie,balquenmarigold8@gmail.com,7555963086,0,4,0,1,Filipino,3,1,5,0,20,4,6,1,1,1,1,1,1,1,0,NA,2,1,0,1,3,1,20,NA,0,1,0,0,0,0,0,0,3,0,2,2,2,2,10,4,Because of my immigration status it’s affecting my situation,20,1,1,8,1,1,1,2,10,0,1,1,0,0,2,2,NA,20,1,1,0,1,1,NA,0,0,0,0,0,0,0,0,0,0,NA,0,0,0,0,0,0,NA,0,NA,0,2,1,2,10,0,3,0,0,1,0,0,0,1,0,1,0,1,0,0,NA,8,3,3,4,2,0,5,2,0,3,1,15,2,NA,0,0,0,0,0,0,0,0,0,0,0,0,0,0,0,0,0,0,0,0,NA,NA,NA,NA,NA,NA,If my employer pay me well,Long hours,Short hours,NA,2,1,NA,0,7456526303,NA,NA,NA,NA,NA,NA,NA,NA,NA,NA,7555963086,balquenmarigold8@gmail.com,NA
70,-1,20,0.2325,0.045,0,0,0,0,0,0,0.09,0,0.0675,0.03,0,0,0.2325,1,0,NA,70,1,self-employed,Eve ,Velymel@gmail.com,07427017446 ,0,4,0,1,Brazilian ,3,1,6,1,6,4,2,0,1,1,0,0,0,0,1,"lemon garden, external windows, throw away garbage ",3,4,4,3,3,1,10,NA,1,2,1,0,0,0,0,0,2,2,2,2,2,3,0,2,NA,2,4,0,0,1,1,1,2,3,1,1,1,1,0,3,3,0,0,2,1,1,0,0,2,0,0,0,0,0,0,0,0,0,0,NA,0,0,0,0,0,2,NA,4,Sites ,0,1,2,2,6,0,3,0,1,1,0,0,1,0,0,0,0,0,1,0,NA,2,3,3,0,2,1,0,3,2,0,1,10,4,NA,0,0,0,0,0,0,0,0,0,0,0,0,0,0,0,0,0,0,0,0,NA,NA,NA,NA,NA,NA,NA,As if I don't deserve consideration for being a cleaner ,NA,NA,NA,0,NA,NA,NA,NA,NA,NA,NA,NA,NA,NA,NA,NA,NA,07427017446 ,Velymel@gmail.com,NA
95,94,20,0.0825,0,0,0,0,0,0,0,0,0,0.0225,0.06,0,0,0.0825,1,0,94,95,2,self-employed,clair,miraclaire.acads@gmail.com,7456910736,0,2,0,1,Filipino,1,1,4,1,15,0,4,1,1,1,0,0,0,0,0,NA,4,2,10,3,4,4,10,NA,0,3,0,0,0,0,0,0,2,1,3,0,3,3,2,2,they are nice but really strict,10,4,1,0,1,1,1,3,10,1,1,1,1,0,3,3,0,2,0,1,1,0,0,0,1,1,1,1,1,1,1,1,1,1,0,0,0,0,0,0,0,NA,0,NA,1,3,2,2,5,0,3,0,0,0,0,0,1,0,1,0,0,0,1,0,NA,5,3,3,5,0,0,5,0,0,5,0,3,5,NA,0,0,0,0,0,0,0,0,0,0,0,0,0,0,0,0,0,0,0,0,NA,NA,NA,NA,NA,NA,money,bodyache,more money,NA,2,3,NA,1,NA,NA,NA,NA,NA,NA,NA,NA,NA,NA,NA,7456910736,miraclaire.acads@gmail.com,NA
36,-1,50,0.045,0.045,0,0,0,0,0,0,0,0,0,0,0,1,0.045,1,0,NA,36,1,employee,Mimi valera,Mimivalera120375@gmail.com,7534313774,0,4,0,1,Filipino,3,1,6,0,15,3,4,1,0,0,0,0,1,0,0,NA,0,2,15,0,0,3,15,NA,0,2,0,0,0,0,0,0,0,0,3,1,0,3,15,0,NA,15,4,1,15,1,1,1,3,5,1,1,1,1,0,3,3,NA,5,0,0,1,1,0,2,0,0,0,0,0,0,0,0,0,0,NA,0,0,0,0,0,0,NA,2,NA,0,0,3,3,5,0,3,1,0,0,0,0,0,0,0,0,0,0,0,0,NA,5,3,3,0,0,0,5,3,0,5,0,10,0,1,0,0,0,0,0,0,0,0,0,0,0,1,0,0,0,0,0,0,0,0,NA,30,30,Provide counselling and solicitor,0,NA,Respect by my employers,None,NA,NA,0,0,NA,0,7824345877,75550963086,7491964184,7946747832,NA,NA,NA,NA,NA,NA,NA,7774401649,7534313774,Mimivalera120375@gmail.con
37,36,50,0.5025,0,0.09,0.045,0,0.045,0.09,0,0.09,0.09,0.0225,0.03,0,0,0.5025,1,0,36,37,2,employee,Cristina ,engcristagudin7@gmail.com ,7534313774,0,3,3,1,Filipino,2,1,5,0,10,1,2,2,0,0,1,0,0,0,0,NA,0,0,5,0,0,3,10,NA,0,0,0,0,0,0,0,0,0,0,3,2,2,2,5,0,Yes if it is unreasonable  it's hard to accept ,5,4,1,15,0,1,1,0,5,0,1,1,0,0,2,0,1,10,1,1,0,1,0,0,0,0,0,0,1,0,0,0,0,0,0,0,0,0,0,0,0,NA,0,NA,0,0,2,3,5,0,0,1,0,0,1,1,0,1,0,1,0,0,0,0,NA,5,4,4,5,0,0,5,0,0,5,1,5,2,NA,0,0,0,0,0,0,0,0,1,1,0,0,0,0,0,0,0,0,0,0,NA,NA,NA,NA,NA,NA,I think I'm capable to my work now,If the patient will not be in good condition no,No,NA,1,0,NA,0,7908888207,NA,NA,NA,NA,NA,NA,NA,NA,NA,NA,7413681086,engcristagudin7@gmail.com ,NA
97,96,105,0.4575,0.09,0,0.09,0,0,0.09,0,0.09,0,0.0675,0.03,0,0,0.4575,1,0,96,97,2,self-employed,May Belen Untalan,anmaybelen@gmail.com,77216346061,0,1,3,1,Filipino,3,1,6,0,5,2,5,2,1,1,0,1,1,1,1,Washing and ironing the clothes,3,4,5,2,2,2,5,NA,0,1,1,4,4,1,3,3,0,1,0,1,2,2,5,2,Working more than 12! hours and no additional payment of extended hours.,5,4,2,10.42,1,1,1,2,5,2,2,1,2,2,2,3,4,5,0,0,1,0,0,0,1,1,1,0,0,0,0,0,0,0,0,0,0,0,0,0,0,NA,0,NA,0,1,1,2,5,0,2,0,0,0,0,0,1,1,0,1,0,0,0,0,NA,1,3,3,0,2,0,0,2,2,0,0,0,3,NA,0,0,0,0,0,0,0,0,0,0,0,0,0,0,0,0,0,0,0,0,NA,NA,NA,NA,NA,NA,"Yes, really needs for everyone.",Your not confident,"Yes , indeed",Yes you will satisfied that even undocumented it stated that you are abusing your previous employer.,2,2,NA,1,NA,NA,NA,NA,NA,NA,NA,NA,NA,NA,NA,7721634606,untalanmaybelen@gmail.com,Right to remain as a Domestic Workers.
8,-1,0,0.4125,0.045,0,0.09,0,0,0.09,0.09,0,0,0.0675,0.03,1,0,0.4125,1,0,NA,8,1,employee,Jubilee Badanoy,badanoyjubilee@gmail.com,7502110758,0,4,3,1,Filipino,1,1,6,0,0,0,1,1,0,0,0,0,0,0,1,Plantsa,1,2,0,0,1,2,0,NA,1,1,1,1,1,1,1,1,0,1,2,1,2,2,0,1,NA,0,2,1,10,1,1,1,3,0,1,1,1,1,2,2,1,0,0,0,1,1,1,0,0,1,1,1,1,0,1,1,1,1,0,0,0,0,0,0,0,0,NA,4,Kasamahan sa community,0,0,2,2,1,0,0,1,1,1,0,1,0,0,1,1,1,0,1,0,NA,0,2,2,0,2,0,0,2,0,0,0,0,2,NA,0,0,0,0,0,0,0,0,1,1,1,1,0,0,0,0,0,0,0,0,NA,NA,NA,Tumawag,NA,NA,Matapos ang lahat ng trabho mo nng maaga na appreciate  nila,Hind matapos maaga,Satisfied,NA,1,0,NA,1,NA,NA,NA,NA,NA,NA,NA,NA,NA,NA,NA,752110758,badanoyjubilee@gmail.com,Gusto ko na ma pnsin ag mgahinaing ng mga Domestic worker dito sa Uk
12,44,0,0.1725,0.045,0,0.045,0,0,0,0,0,0,0.0225,0.06,0,1,0.1725,1,0,44,12,4,employee,Michele,michellejabujab0@gmail.com,7444938599,0,4,0,1,Filipino,2,1,4,0,0,1,3,0,1,1,1,1,1,1,0,NA,0,1,0,0,0,4,0,NA,1,1,0,0,0,0,0,0,0,0,3,4,0,4,0,1,NA,0,4,1,0,1,1,1,3,0,1,1,1,2,2,4,3,NA,0,0,1,1,1,0,0,1,1,1,1,1,1,1,1,1,1,0,0,0,0,0,0,0,NA,0,NA,0,2,2,2,0,0,4,1,0,1,0,1,0,1,0,1,0,1,0,0,NA,0,4,4,0,1,0,0,4,0,0,0,0,0,4,0,0,0,0,0,0,0,0,1,0,0,0,0,0,0,0,0,0,0,0,NA,0,0,Tulong para sa mga domestic worker,0,NA,NA,NA,NA,NA,0,0,NA,1,NA,NA,NA,NA,NA,NA,NA,NA,NA,NA,NA,7444938599,michellejabujab0@gmail.com,NA
19,-1,0,0,0,0,0,0,0,0,0,0,0,0,0,0,0,0,1,1,NA,19,1,employee,employee19,gmail.com,7874216942,0,0,0,0,NA,3,1,6,3,1,0,0,0,1,0,1,0,0,1,0,NA,0,2,0,0,0,2,0,NA,0,0,1,4,2,2,4,0,0,1,3,1,0,3,0,0,NA,0,4,2,10.45,1,1,1,3,0,1,1,1,1,0,3,3,NA,0,0,0,0,1,0,0,1,0,0,0,0,0,0,0,0,0,0,0,0,0,0,0,3,A company,1,NA,0,0,3,3,0,0,3,1,0,1,0,1,0,1,0,1,0,0,0,0,NA,0,3,3,0,0,0,0,2,0,0,0,0,4,NA,0,0,0,0,0,0,0,0,0,0,0,0,0,0,0,0,0,0,0,0,NA,NA,NA,NA,NA,NA,NA,NA,NA,NA,NA,NA,0,0,NA,NA,NA,NA,NA,NA,NA,NA,NA,NA,NA,7884216941,Caroline.emberson@nottingham.ac.uk,NA
20,-1,0,0.18,0.045,0,0.09,0,0,0,0,0,0,0.045,0,0,0,0.18,1,1,NA,20,1,employee,Jo,Joannedelacruz38@gmail.com,7738611859,0,4,2,1,Filipino,3,1,6,0,0,3,4,1,1,1,1,1,1,1,0,NA,1,2,0,2,1,2,0,NA,0,0,0,0,4,0,0,0,0,0,1,1,0,2,2,0,NA,0,4,1,8,1,1,1,3,0,2,2,2,2,2,3,2,2,1,0,1,1,1,1,NA,0,0,0,0,0,0,0,0,0,0,NA,0,0,0,0,0,0,NA,0,NA,1,0,3,3,0,0,3,1,0,1,0,1,1,0,1,1,0,0,0,0,NA,2,3,3,0,2,0,0,0,0,0,1,0,5,NA,0,0,0,0,0,0,0,0,0,0,0,0,0,0,0,0,0,0,0,0,NA,NA,NA,NA,NA,NA,It's flexible,Demanding,NA,NA,0,1,NA,1,NA,NA,NA,NA,NA,NA,NA,NA,NA,NA,NA,7738611859,Joannedelacruz38@gmail.com,NA
23,-1,0,0.225,0,0,0.09,0,0.045,0,0,0,0.09,0,0,1,0,0.225,1,0,NA,23,1,employee,Mylene,danquemylene585@gmail.com,7424737377,0,2,2,1,Filipino,1,1,5,0,0,0,1,0,1,0,0,0,1,0,0,NA,1,1,0,0,1,2,0,NA,1,1,0,1,1,0,1,1,2,0,3,2,4,0,0,1,NA,5,1,2,0,0,1,2,4,0,0,0,1,1,3,3,3,NA,0,0,1,1,1,1,NA,0,0,0,0,0,0,0,0,0,0,NA,0,0,0,0,0,0,NA,0,NA,0,0,3,3,0,0,1,1,1,1,1,1,1,1,1,1,1,1,1,0,NA,0,3,3,0,0,0,0,4,3,0,1,0,5,NA,0,0,0,0,0,0,0,0,0,0,0,0,0,0,0,0,0,0,0,0,NA,NA,NA,NA,NA,NA,NA,NA,NA,NA,0,0,NA,1,NA,NA,NA,NA,NA,NA,NA,NA,NA,NA,NA,0742473737u,danquemylene585@gmail.com,NA
25,-1,0,0.6225,0.045,0.09,0.09,0,0.09,0.09,0.09,0,0,0.0675,0.06,1,0,0.6225,1,0,NA,25,1,employee,Mercy,md184@yahoo.co.uk,7426841372,0,3,0,1,Filipino,3,1,6,0,0,4,1,1,1,1,1,1,0,1,0,NA,2,2,0,2,2,0,0,NA,0,0,0,0,0,0,0,0,3,2,0,3,3,2,0,3,The wages is not enougj,0,2,1,11,2,2,2,3,0,0,0,0,0,3,0,0,30,0,0,1,2,1,0,2,0,0,0,0,0,0,0,0,0,0,NA,0,0,0,0,0,0,NA,0,NA,3,2,1,0,0,0,4,0,0,0,0,0,0,0,1,1,0,0,1,0,NA,0,0,0,0,4,0,0,0,1,0,0,0,3,NA,0,0,0,0,0,0,0,0,0,0,0,0,0,0,0,0,0,0,0,0,NA,NA,NA,NA,NA,NA,"carer,nanny cleaner,HCA",i dont know,yes,i just want to fight my rights to have freedom in this country,0,3,NA,1,NA,NA,NA,NA,NA,NA,NA,NA,NA,NA,NA,7426841372,md184@yahoo.co.uk,NA
29,13,0,0.105,0,0,0.045,0,0,0,0,0,0,0,0.06,0,1,0.105,1,0,13,29,2,employee,Joana laine,Joanalainecatalan@gmail com,7443091182,0,4,0,1,Filipino,1,1,4,0,0,0,2,0,1,1,1,1,1,1,0,NA,0,2,0,0,0,2,0,NA,0,0,0,0,0,0,0,0,0,0,3,4,0,4,0,0,NA,0,4,1,10.42,1,1,1,4,0,1,1,1,1,3,4,3,NA,0,0,1,1,1,0,0,1,1,1,1,1,1,1,1,1,1,0,0,0,0,0,0,0,NA,0,NA,0,3,2,3,0,0,4,1,0,1,0,1,0,1,0,1,0,1,0,0,NA,0,4,3,0,0,0,0,2,0,0,0,0,0,1,0,0,0,0,0,0,0,0,1,0,0,0,0,0,0,0,0,0,0,0,NA,0,0,Yes,0,NA,NA,NA,NA,NA,1,1,NA,1,NA,NA,NA,NA,NA,NA,NA,NA,NA,NA,NA,7443901182,Joanalainecatalan@gmail.com,NA
30,12,0,0.42,0.09,0,0.09,0,0,0,0.09,0.09,0,0,0.06,1,1,0.42,1,1,12,30,5,employee,Philips,philsdan181@gmail.com,11594960313,0,4,2,0,NA,3,0,4,1,0,3,4,1,0,0,0,0,0,1,0,NA,1,2,0,0,1,2,0,NA,1,2,0,0,0,1,1,1,2,0,2,2,2,2,0,2,NA,0,2,2,0,1,1,1,2,0,1,1,1,1,2,3,3,NA,0,0,0,0,1,0,0,0,1,0,0,0,0,0,0,0,0,0,0,0,0,0,0,0,NA,1,NA,0,2,2,3,0,0,2,1,0,1,0,1,0,1,0,1,0,0,0,0,NA,0,2,2,0,1,0,0,1,0,0,0,0,0,0,0,0,1,0,0,0,0,0,0,0,0,0,0,0,0,0,0,0,0,0,NA,0,0,Better service,0,NA,Flexibility,Overwork,Yes,NA,1,0,NA,1,NA,NA,NA,NA,NA,NA,NA,NA,NA,NA,NA,11594960022,Philsdan181@gmail.com,NA
53,-1,0,0.165,0.045,0.09,0,0,0,0,0,0,0,0,0.03,1,0,0.165,1,0,NA,53,1,agency worker,Louise,Telouise@mail.com,I don’t have one sorry email pleas,0,3,0,1,Spain,3,1,3,0,0,2,3,0,1,1,1,1,0,1,0,NA,1,2,0,0,0,3,0,NA,2,3,0,1,1,5,2,1,0,0,3,2,1,3,0,0,NA,0,2,2,0,1,1,1,3,0,1,1,1,0,4,3,3,NA,0,0,0,1,2,1,NA,0,0,0,0,0,0,0,0,0,0,NA,0,0,0,0,0,1,NA,1,NA,0,4,1,3,0,0,3,1,0,0,0,1,0,1,0,1,0,0,0,0,NA,0,4,4,0,0,0,0,1,0,0,1,0,4,NA,0,0,0,0,0,0,0,0,0,0,0,0,0,0,0,0,0,0,0,0,NA,NA,NA,NA,NA,NA,NA,NA,NA,NA,0,0,NA,1,NA,NA,NA,NA,NA,NA,NA,NA,NA,NA,NA,pls email I can’t phone,Telouise@mail.com,NA
60,-1,0,0.1125,0,0,0.09,0,0,0,0,0,0,0.0225,0,0,0,0.1125,1,0,NA,60,1,self-employed,Anna,Eiram_anna1973@yahoo.co.uk,7957980120,0,4,0,1,Filipino,3,1,6,3,0,4,4,0,1,0,0,0,0,0,0,NA,0,0,0,0,0,3,0,NA,0,0,0,0,0,0,0,0,0,0,3,0,0,1,0,0,NA,0,4,0,13,1,2,0,3,0,1,1,1,1,3,3,3,0,0,0,1,1,0,1,NA,0,0,0,0,0,0,0,0,0,0,NA,0,0,0,0,0,0,NA,0,NA,0,0,3,3,0,0,3,1,0,0,0,0,0,0,0,0,0,0,0,0,NA,0,3,3,0,3,0,0,0,0,0,0,0,2,NA,0,0,0,0,0,0,0,0,1,0,0,0,0,0,0,0,0,0,0,0,NA,NA,NA,Those who arr abused by their employer,NA,NA,Im happy kase mababait ang mga amo ko sanpart time,Wala,Wala,Wala na,0,0,NA,1,NA,NA,NA,NA,NA,NA,NA,NA,NA,NA,NA,7957980120,Eiram_anna1973@yahoo.co.uk,NA
85,60,0,0.09,0,0,0.09,0,0,0,0,0,0,0,0,1,0,0.09,1,0,60,85,2,self-employed,Liza estacio,Liza_estacio2001@yahoo.com,7821978488,0,4,0,1,Filipino,3,1,6,3,0,4,3,0,1,0,0,0,0,0,0,NA,1,0,0,2,1,2,0,NA,2,2,1,1,1,3,5,1,2,1,3,2,0,2,0,0,NA,0,3,0,0,1,1,2,3,0,1,1,1,1,3,3,3,NA,0,1,1,1,0,1,NA,0,0,0,0,0,0,0,0,0,0,NA,0,0,0,0,0,2,NA,0,NA,1,0,3,3,0,0,2,1,0,0,0,0,0,1,0,1,0,1,0,0,NA,0,3,3,0,0,1,0,4,0,0,1,0,4,NA,0,0,0,0,0,0,0,0,0,0,0,0,0,0,0,0,0,0,0,0,NA,NA,NA,NA,NA,NA,NA,NA,NA,NA,1,0,NA,0,NA,NA,NA,NA,NA,NA,NA,NA,NA,NA,NA,7821978488,Estacioliza01@gmail.com,NA
24,51,1,0.6675,0.09,0.09,0.09,0,0,0.09,0.09,0.09,0,0.0675,0.06,0,1,0.6675,1,0,51,24,4,employee,Evangeline,Javiervangie80@gmail.com,7367663883,0,4,1,1,Filipino,3,1,6,0,1,2,1,0,0,1,0,1,1,1,1,"Ironing,",2,3,1,2,2,4,2,NA,2,2,2,2,1,0,2,1,2,0,2,2,1,2,1,1,NA,2,4,1,0,1,0,2,2,1,2,2,1,0,2,2,0,NA,1,0,0,0,1,0,0,1,0,0,1,0,0,1,0,0,0,0,0,0,0,0,0,3,Sorry im new here so i dont asked my boss,4,Friend,0,2,2,2,0,0,4,0,0,1,0,0,0,0,1,1,0,0,0,0,NA,0,4,0,0,2,0,0,0,0,0,0,0,0,2,0,0,0,0,0,0,0,0,0,0,0,0,0,0,0,0,0,0,0,0,NA,4,4,To renew the visa of domistec workers,0,NA,Honest  Polite  Respect,Bad manners,NA,NA,0,4,NA,0,NA,NA,NA,NA,NA,NA,NA,NA,NA,NA,NA,7367663883,Javiervangie80@gmail.com,NA
90,10,1,0.2625,0,0,0.045,0.09,0,0,0,0,0,0.0675,0.06,1,1,0.2625,1,0,10,90,4,self-employed,Beth,Hh80015@icloud.com,0 7999 012444,0,4,3,1,Filipino,3,1,6,1,1,0,0,0,1,0,0,0,0,0,0,NA,1,1,0,2,1,2,0,NA,0,2,0,0,0,0,2,0,2,0,3,3,3,2,0,1,NA,0,3,0,15,1,1,1,3,0,1,1,1,1,1,3,3,NA,0,0,1,1,0,0,0,1,0,0,0,0,0,0,0,0,0,0,0,0,0,0,0,0,NA,0,NA,0,2,2,2,0,1,2,1,0,0,0,0,0,0,0,0,0,0,0,0,NA,0,1,2,0,2,1,0,2,2,0,0,0,0,0,0,0,0,0,0,0,1,0,0,0,0,0,0,0,0,0,0,0,0,0,NA,NA,0,0,Awareness,0,Passion,Stress,More pay,NA,1,0,NA,1,NA,NA,NA,NA,NA,NA,NA,NA,NA,NA,NA,0 7999 012444,Hh80015@icloud.com,NA
3,-1,10,0.15,0.045,0,0.045,0,0,0,0,0,0,0,0.06,1,1,0.15,1,0,NA,3,1,employee,Jhen,jhen198209@gmail.com,7741992443,0,3,3,1,Filipino,3,1,6,0,0,1,6,1,1,1,0,1,0,1,1,"Paglalaba, plantsa at magalaga ng aso",1,0,0,4,2,2,0,NA,0,0,0,1,2,5,0,0,0,0,3,2,1,2,0,1,NA,0,2,1,0,1,1,1,4,0,1,1,1,1,4,4,4,0,0,0,0,1,1,0,NA,0,0,1,0,0,0,0,0,0,0,0,0,0,0,0,0,0,NA,2,NA,0,0,2,3,0,0,3,0,0,0,0,1,0,0,1,1,0,0,0,0,NA,0,3,3,0,0,0,0,4,0,0,0,0,0,0,0,0,0,0,0,0,0,0,0,0,0,1,0,0,0,0,0,0,0,0,NA,10,0,Makipag-ugnayan sa mga unang puwed tumulong,0,NA,NA,NA,NA,NA,0,0,NA,1,NA,NA,NA,NA,NA,NA,NA,NA,NA,NA,NA,7741992443,jhen198209@gmail.com,NA
6,41,10,0.1875,0.045,0,0,0,0,0.09,0,0,0,0.0225,0.03,0,0,0.1875,1,0,41,6,3,employee,Jacqueline Elaine J. Angeles,elaineangeles668@gmail,7949414536,0,3,3,1,Filipino,0,1,6,0,0,0,1,0,1,1,0,0,0,0,1,Ironing,3,4,0,3,3,4,0,NA,5,5,0,0,5,0,0,0,0,0,0,3,3,4,5,4,Walang pahinga,5,4,3,10.45,2,2,2,4,0,2,2,2,2,4,0,0,0,0,2,2,0,1,0,0,1,1,1,1,1,1,1,1,1,1,0,0,0,0,0,0,4,None,0,None,3,4,2,4,0,2,4,0,1,0,1,0,0,0,1,0,1,0,0,0,None,0,4,4,0,4,2,0,4,4,0,1,0,2,NA,0,0,0,0,0,0,0,0,1,0,0,0,0,0,0,0,0,0,0,0,NA,NA,NA,Kanlungan,NA,NA,NA,NA,NA,NA,0,3,NA,0,NA,NA,NA,NA,NA,NA,NA,NA,NA,NA,NA,7949414536,elaineangeles668@gmail,NA
40,-1,10,0.7125,0.045,0.09,0,0.09,0,0.09,0.09,0.09,0.09,0.0675,0.06,1,1,0.7125,1,0,NA,40,1,agency worker,ZOCILEN ADEFUIN,Celinewaddah@gmail.com,7932935501,0,4,3,1,Filipino,1,1,4,0,8,0,5,1,1,1,0,0,1,1,0,NA,2,3,10,3,4,2,9,NA,0,1,0,0,0,0,0,0,0,0,0,3,3,3,9,4,Walang sapat na pahinga at mababang sweldo.,9,2,1,15,0,0,2,0,6,1,2,1,0,0,0,0,5,6,1,1,0,2,0,0,1,0,0,0,1,0,1,0,0,1,0,0,0,0,0,0,0,NA,1,NA,2,3,0,0,8,1,0,0,1,0,0,1,0,0,1,0,1,0,1,0,NA,2,1,0,7,2,1,6,0,4,2,1,6,0,3,0,0,0,0,0,0,0,0,1,0,0,0,0,0,0,0,0,0,0,0,NA,6,6,Pagtulong,0,NA,Makatulong sa pamilya sa pilipinas,Pagod at puyat,Pagisipang mabuti,Magtyaga,4,1,NA,1,NA,NA,NA,NA,NA,NA,NA,NA,NA,NA,NA,7932935501,Celinewaddah@gmail.com,Thank you.
42,41,10,0.6225,0.045,0,0,0.09,0.09,0.09,0.09,0.09,0,0.0675,0.06,1,1,0.6225,1,0,41,42,3,agency worker,GILDA ROS,gildaros459@gmail.com,7471979098,0,4,3,1,Filipino,1,1,6,0,5,0,3,0,1,1,0,0,1,0,0,NA,2,3,5,3,3,2,5,NA,1,1,0,0,1,1,0,0,0,0,0,2,2,4,5,4,kasi hindi ako pinapasahod ng tama at kulang sa pagkain. Walang day off at over working pa.walang maayos na tulugan⁹,0,2,1,10.45,1,1,1,0,0,0,0,0,2,4,0,0,NA,0,0,1,0,2,0,1,0,0,0,0,0,0,0,0,0,0,NA,1,1,0,0,0,4,NA,0,NA,3,2,2,1,0,1,4,0,1,0,0,0,0,0,1,0,1,0,0,0,NA,0,4,0,0,2,2,0,2,2,0,1,0,0,1,0,0,0,0,0,0,0,0,1,0,0,0,0,0,0,0,0,0,0,0,NA,6,5,Referal,0,NA,NA,NA,NA,NA,0,1,NA,0,7440369106,NA,NA,NA,NA,NA,NA,NA,NA,NA,NA,7471979098,gildaros459@gmail.com,NA
45,90,10,0.165,0.045,0,0.045,0,0,0,0,0,0,0.045,0.03,1,1,0.165,1,0,90,45,5,agency worker,Andrea,delosientosandrea@gmail.com,7733163135,0,3,3,1,Filipino,1,1,5,0,0,0,1,1,1,1,0,1,1,1,0,NA,1,0,0,2,2,2,0,NA,0,0,0,0,0,0,0,0,0,0,2,2,1,2,0,1,NA,0,1,1,0,2,1,1,4,0,1,1,1,2,4,3,4,0,0,0,1,1,2,0,1,0,0,0,0,0,0,0,0,0,0,NA,1,1,0,1,1,0,NA,2,NA,0,4,1,2,0,0,3,0,1,1,0,1,1,0,0,1,0,0,0,0,NA,0,4,4,0,1,0,0,4,1,0,1,0,0,4,0,0,0,0,0,0,0,0,1,0,1,1,0,0,0,0,0,0,0,0,NA,0,0,0,0,NA,By contract,Salamat,5,3,NA,1,NA,NA,NA,NA,NA,NA,NA,NA,NA,NA,NA,NA,NA,7733163135,delosientosandrea@gmail.com,Salamat
56,-1,10,0.3,0,0,0.09,0.09,0,0,0,0,0.09,0,0.03,0,0,0.3,1,0,NA,56,1,self-employed,Vruno,Hh80015@gmail.con,7379083699,0,4,3,1,Filipino,3,0,6,0,0,1,2,2,0,1,1,0,0,1,1,Admin,0,1,0,0,0,3,0,NA,0,0,0,0,0,0,0,0,0,0,3,2,0,0,0,0,Maganda ang aming relasyon at napakabait ng amo ko,0,4,1,9,0,0,1,3,0,1,1,1,1,3,3,3,0,0,0,1,1,0,0,0,0,0,1,1,1,0,1,0,0,0,0,0,0,0,0,0,0,NA,0,NA,0,0,0,3,0,1,3,1,0,0,0,0,0,0,0,0,0,1,0,0,NA,0,3,3,0,0,0,0,0,0,0,0,0,4,NA,0,0,0,0,0,0,0,0,0,0,0,0,0,0,0,0,0,0,0,0,NA,NA,NA,NA,NA,NA,NA,NA,NA,NA,0,0,NA,1,NA,NA,NA,NA,NA,NA,NA,NA,NA,NA,NA,7379083699,Hh80015@gmail.com,NA
64,18,10,0.5775,0.045,0.09,0.09,0,0.045,0.09,0,0,0.09,0.0675,0.06,1,1,0.5775,1,0,18,64,5,self-employed,Norgin bada,nrginbada@ gmail .com,7760933667,0,2,2,1,Filipino,1,1,4,0,5,0,1,1,1,1,0,1,1,0,0,NA,0,2,5,0,0,2,5,NA,0,0,0,0,0,0,0,0,0,0,2,2,2,2,5,2,NA,5,3,0,12,0,0,1,3,5,0,0,1,0,2,0,0,0,5,0,1,1,0,0,0,1,1,1,1,1,0,1,0,0,0,0,0,0,0,0,0,0,NA,0,NA,0,2,2,2,5,0,2,1,1,1,0,0,0,0,1,1,0,0,0,0,NA,5,4,4,0,2,0,5,0,0,5,0,5,0,0,0,0,0,0,0,0,0,0,1,0,0,1,0,0,0,0,0,0,0,0,NA,5,3,NA,NA,NA,NA,NA,NA,NA,1,1,NA,0,NA,NA,NA,NA,NA,NA,NA,NA,NA,NA,NA,7760933667,nrginbada@gmail.Com,Gusto kong mabigyan pagkakataon ang domestec helper na manatili dito sa uk.
65,-1,10,0.255,0.09,0,0.09,0,0,0,0,0,0,0.045,0.03,1,0,0.255,1,0,NA,65,1,self-employed,Rizel,rizelsdaquita1234@gmail.com,7916297079,0,4,2,1,Filipino,3,1,6,0,7,2,1,1,0,0,0,0,1,0,0,NA,2,2,7,0,1,2,5,NA,1,1,0,0,0,0,0,0,0,0,2,3,2,0,3,2,NA,0,2,1,11,1,1,1,3,0,1,1,1,1,2,3,3,NA,0,0,0,0,0,0,0,0,0,0,1,0,0,0,0,0,0,0,0,0,0,0,0,0,NA,0,NA,0,2,1,2,3,0,3,0,0,1,0,0,1,0,1,1,0,0,0,0,NA,2,3,3,0,2,2,0,2,0,3,1,0,5,NA,0,0,0,0,0,0,0,0,0,0,0,0,0,0,0,0,0,0,0,0,NA,NA,NA,NA,0,NA,NA,Mahabang oras ng trabaho,NA,NA,0,0,NA,1,NA,NA,NA,NA,NA,NA,NA,NA,NA,NA,NA,7916297079,rizelsdaquita1234@gmail.com,NA
86,-1,10,0,0,0,0,0,0,0,0,0,0,0,0,0,0,0,0,0,NA,86,1,self-employed,Esperanza,speranzabt@yahoo.com,7539185071,0,4,0,1,Filipino,3,1,6,1,4,2,3,0,1,0,0,0,0,0,1,Do the aundry and ironing clothes,1,1,4,0,1,3,7,NA,1,3,0,2,1,0,0,0,1,0,3,2,1,3,8,1,NA,7,4,1,10.44,1,1,0,3,14,1,1,1,1,0,3,3,NA,7,0,1,1,0,0,0,0,0,0,0,0,0,0,0,1,0,0,0,0,0,0,0,0,NA,0,NA,0,0,3,3,2,0,3,1,0,1,0,1,0,1,0,1,0,1,0,0,NA,1,3,3,0,0,0,3,0,0,0,1,6,3,NA,0,0,0,0,0,0,0,0,0,0,0,0,0,0,0,0,0,0,0,0,NA,NA,NA,NA,NA,NA,I feel appreciated of what i do and i enjoy working for them.,NA,NA,NA,0,1,NA,0,7471970756,NA,NA,NA,NA,NA,NA,NA,NA,NA,NA,8539185071,speranzabt@yahoo.com,NA
93,-1,10,0.48,0.045,0.09,0.045,0,0.045,0.09,0,0.09,0,0.045,0.03,1,1,0.48,1,0,NA,93,1,self-employed,Anna,cauncerananalisa@gmail.com,7453379219,0,4,3,1,Filipino,3,1,5,0,3,2,5,1,1,1,1,1,1,1,1,Dog sitting,1,2,1,1,2,2,4,NA,0,2,2,2,2,1,1,0,2,0,0,2,2,2,4,3,I don’t have annual holiday,4,2,1,9.5,1,0,1,1,0,0,0,1,0,1,2,0,30,10,1,1,1,0,0,2,0,0,0,0,0,0,0,0,0,0,NA,0,0,0,0,0,0,NA,0,NA,0,1,1,3,4,0,2,0,0,1,0,0,1,0,1,0,0,1,1,0,NA,4,3,3,0,2,0,1,2,0,0,1,4,0,1,0,0,0,0,0,0,0,0,0,0,0,1,0,0,0,0,0,0,0,0,NA,NA,10,1,I don’t know,0,I am free to do what I want,"Having long hour sometimes and no additional pay, no annual holiday",Yes,My current employer never check my work   They trusted me with my domestic work skills,1,1,NA,0,7469460315,7498073744,NA,NA,NA,NA,NA,NA,NA,NA,NA,7453379219,cauncerananalisa@gmail.com,"Thank you for this survey, hope it will help to all domestic workers suffering on their workplace"
57,-1,15,0.3675,0.045,0.09,0.09,0,0.045,0,0,0,0,0.0675,0.03,0,1,0.3675,1,0,NA,57,1,self-employed,Lauren Romulo,Laurenromulo710@yahoo.com,7570890812,0,3,2,1,Filipino,3,1,6,0,5,4,3,0,1,1,1,1,0,0,0,NA,1,2,0,2,1,2,2,NA,0,1,0,0,0,0,0,0,0,0,2,3,2,2,0,2,NA,0,4,2,10,1,0,1,3,0,1,0,0,0,3,3,2,0,0,0,1,1,0,0,0,0,0,0,0,0,1,1,0,0,0,0,0,0,0,0,0,2,NA,0,NA,1,1,2,2,0,0,2,1,1,1,0,1,0,0,1,1,0,1,0,0,NA,0,3,3,0,2,0,2,2,0,0,0,1,1,NA,0,0,0,0,0,0,0,0,0,0,0,0,0,0,0,0,0,0,0,0,NA,NA,NA,NA,NA,"Dahil sa katayuan ko, ako ay nag-aalala.","Financial Aspect - Im doing this Domestic Work for more than a decade in order for me to survive here in London like paying my monthly rent, utility bills, food, transportation and clothing. Also sending money/remittance for my family in the Philippines.",Financial aspect re: My salary rate,"If Im a regular citizen here (Im undocumented presently), I would to pay taxes based on what Im earning in order for me to avail pension benefits. There is security of tenure in my present situation.",Being an irregular working migrant here in UK has been a big problem for me to avail benefits in many areas of my condition here.,3,3,NA,1,NA,NA,NA,NA,NA,NA,NA,NA,NA,NA,NA,7570890812,Laurenromulo710@yahoo.com,"I would like to sincerely give my deep appreciation and say thank you to all organizations supporting, helping all undocumented Domestic Workers like me to know our human rights irregardless of our status here. God bless all of you."
4,-1,2,0.1725,0.045,0,0.045,0,0,0,0,0,0,0.0225,0.06,0,0,0.1725,1,0,NA,4,1,employee,Glorivi de Guzman,ivbeh13@gmail.com,7383255404,0,2,1,1,Filipino,1,1,4,1,0,0,1,1,1,1,1,1,0,0,0,NA,3,2,0,2,1,0,2,NA,0,0,0,0,0,0,0,0,2,0,3,1,1,3,0,2,NA,0,4,1,0,1,1,1,3,1,1,1,1,1,3,3,3,NA,0,0,0,0,1,0,0,0,0,0,0,0,1,0,0,0,0,0,0,0,0,0,0,0,NA,0,NA,0,2,2,1,0,0,2,0,0,1,0,1,1,0,1,1,0,1,0,0,NA,0,3,3,2,1,0,0,3,0,0,1,5,5,NA,0,0,0,0,0,0,0,0,0,0,0,0,0,0,0,0,0,0,0,0,NA,NA,NA,NA,NA,NA,NA,NA,NA,NA,1,3,NA,1,NA,NA,NA,NA,NA,NA,NA,NA,NA,NA,NA,7383255404,ivbeh13@gmail.com,NA
10,41,2,0.165,0,0,0.045,0,0,0,0.09,0,0,0,0.03,0,1,0.165,1,0,41,10,3,employee,Rodalyn Imperial,Lyn.imperial66@gmail.com,7831009330,0,4,2,1,Filipino,1,1,4,2,0,3,2,0,1,1,1,1,1,1,0,NA,0,1,0,0,0,2,0,NA,0,0,0,0,0,0,0,0,0,0,3,3,0,4,0,0,NA,0,4,1,10.42,1,1,2,3,0,2,2,1,2,3,3,4,0,0,0,1,1,1,0,0,1,1,1,1,1,1,1,1,1,1,0,0,0,0,0,0,0,NA,0,NA,0,0,2,4,0,0,3,1,0,1,0,1,0,1,0,1,0,1,0,0,NA,0,4,0,0,0,0,0,4,4,0,0,0,0,4,0,0,0,0,0,0,0,0,1,0,0,0,0,0,0,0,0,0,0,0,NA,0,0,Hindi ko alam,0,NA,NA,NA,NA,NA,0,1,NA,0,7444938599,7501284325,7778959588,7341704517,NA,NA,NA,NA,NA,NA,NA,7831009330,Lyn.imperial66@gmail.com,Thank you so much
43,8,2,0.645,0.09,0.09,0.09,0.09,0,0.09,0.09,0,0,0.045,0.06,1,1,0.645,1,0,8,43,2,agency worker,Eva presisto,no email,7341469130,0,4,3,1,Filipino,0,1,6,0,2,0,0,0,1,0,0,0,0,0,0,NA,1,2,2,0,1,2,2,NA,1,1,1,1,1,1,1,1,0,1,2,2,2,2,0,1,NA,2,2,3,10,1,1,1,3,2,1,0,1,0,3,0,0,2,2,1,0,0,2,0,0,1,1,0,1,1,0,1,0,0,0,0,0,0,0,0,0,2,NA,1,NA,0,2,2,2,2,1,3,1,0,1,0,1,0,1,0,1,0,0,0,0,NA,2,4,0,2,4,1,5,1,2,5,1,5,0,0,0,1,0,0,0,0,0,0,1,0,0,0,0,0,0,0,0,0,0,0,NA,10,10,3,0,NA,NA,NA,NA,NA,0,1,NA,1,NA,NA,NA,NA,NA,NA,NA,NA,NA,NA,NA,7341469130,7341469130,Gusto ko Po mag work dito
52,87,2,0.795,0.09,0.09,0.045,0,0.09,0.09,0.09,0.09,0.09,0.09,0.03,0,0,0.795,1,0,87,52,3,agency worker,Andrea,agayoso544@gmail.com,7898232165,0,4,2,1,Filipino,2,1,4,0,3,1,1,0,1,0,0,0,0,0,0,NA,1,2,1,0,1,2,2,NA,1,1,0,0,0,1,0,0,0,1,2,0,0,0,2,1,Maybe don't have freedom,1,4,1,1,0,0,1,2,1,0,0,0,0,0,2,1,1,1,0,0,1,2,0,1,0,0,0,0,0,0,0,0,0,0,NA,1,0,0,0,0,1,NA,0,1,0,1,2,2,1,0,0,1,0,0,0,0,0,0,0,0,0,0,0,0,1,1,2,2,1,2,0,1,2,2,1,0,1,2,NA,0,0,0,0,0,0,0,0,0,1,0,0,0,0,0,0,0,0,0,0,NA,NA,NA,NA,NA,NA,Given the good agreement,Overwork,NA,Has freedom,1,0,NA,1,NA,NA,NA,NA,NA,NA,NA,NA,NA,NA,NA,7898231165,agayoso544@gmail.com,NA
92,-1,2,0,0,0,0,0,0,0,0,0,0,0,0,0,0,0,0,0,NA,92,1,self-employed,Ann,cdann263@gmail.com,0 7385 710418,0,3,0,1,Filipino,3,1,4,1,1,2,1,0,1,1,0,0,0,0,1,Ironing clothes,1,2,0,2,2,2,0,NA,2,1,2,1,2,1,2,4,3,2,3,0,0,3,0,1,NA,0,4,0,13,1,1,1,3,0,1,1,1,1,0,3,3,NA,0,1,1,0,0,1,NA,0,0,0,0,0,0,0,0,0,0,NA,0,0,0,0,0,0,NA,0,NA,0,0,3,3,0,0,3,1,0,0,0,0,0,0,0,0,0,0,0,0,NA,0,3,3,0,1,0,0,2,0,0,0,0,4,NA,0,0,0,0,0,0,0,0,0,0,0,0,0,0,0,0,0,0,0,0,NA,NA,NA,NA,NA,NA,I can manage my time...,NA,NA,NA,1,0,NA,1,NA,NA,NA,NA,NA,NA,NA,NA,NA,NA,NA,0 7385 710418,cdann263@gmail.com,NA
27,-1,20,0.03,0,0,0,0,0,0,0,0,0,0,0.03,0,1,0.03,1,0,NA,27,1,employee,Joy,elmarkjoy2@yahoo.com,7904212532,0,0,0,1,Filipino,1,1,6,1,5,0,5,1,1,1,0,1,0,1,1,Changing bedsheets,1,2,2,0,1,2,2,NA,0,2,0,0,3,0,0,0,1,0,3,1,1,3,2,1,NA,1,4,1,0,1,1,1,3,0,1,1,1,1,0,3,3,0,0,0,1,1,1,0,0,0,1,0,0,0,0,1,1,1,1,0,0,0,0,0,0,0,NA,1,NA,0,0,2,3,1,0,3,1,0,1,0,1,0,1,0,1,0,1,0,0,NA,0,3,3,0,0,0,0,2,0,0,0,0,0,1,0,0,0,0,0,0,0,0,0,0,1,0,0,0,0,0,0,0,0,0,NA,20,0,"NRM is already accessible for domestic workers it’s just the people working as the first responder they don’t know what we’ve been through, Sometimes they don’t listen to us.It’s very hard for us to explain to them especially we all have this trauma, depression anxiety all we do is cry for the whole hour of interview",0,NA,"If you love what you are doing, if you love your work, what ever field of work you are you will feel satisfied.","Dealing with employers, language barrier, dealing with kids specially if parents don’t care how their children treat us.Employers don’t see how hard you’ve been working more than 12hrs a day and still questioning you what have you been doing.","If a worker have time management it will make work easy, being a good worker and a reliable employee is also a good  trait and most importantly good communication with you and your employer everything will be easier",NA,0,0,NA,0,7478011261,7908888207,7733479483,7417452753,7438871892,7340060681,7387349819,7393108215,7455351500,7308758402,NA,7904212532,elmarkjoy2@yahoo.com,NA
62,-1,20,0.5325,0.045,0.09,0.045,0,0.045,0.09,0,0.09,0,0.0675,0.06,1,0,0.5325,1,0,NA,62,1,self-employed,Genemarie Moreno,genemariemoreno78@gmail.com,7501726290,0,1,3,1,Filipino,1,1,6,0,8,0,1,1,1,1,0,1,1,1,1,N/A,0,2,8,0,1,2,8,NA,0,0,0,0,0,0,0,0,0,0,2,1,2,2,8,2,Umaabuso,8,0,2,0,1,1,1,2,3,0,0,1,0,0,0,0,9,3,0,1,0,0,0,0,1,0,1,0,1,1,1,0,0,0,0,0,0,0,0,0,0,NA,0,NA,0,2,1,0,3,0,2,0,1,1,0,0,0,1,1,1,1,0,0,0,NA,0,3,4,0,3,1,8,0,0,8,0,8,2,NA,1,1,1,0,0,0,0,0,1,0,0,1,0,0,0,0,0,0,0,0,NA,NA,NA,Tawag,NA,NA,NA,NA,NA,NA,4,1,NA,1,NA,NA,NA,NA,NA,NA,NA,NA,NA,NA,NA,7501726290,genemariemoreno78@gmail.com,Sana mapakinggan ang hinaing naming mga domestic workers
87,50,25,0.4725,0.09,0.09,0.045,0,0.045,0.09,0,0.09,0,0.0225,0,0,1,0.4725,1,0,50,87,2,self-employed,Wendy,Wendelynaltavano36@gmail.com,7587395936,0,4,3,1,Asian,3,1,5,0,10,2,5,1,1,1,0,1,0,1,1,Looking after the dog,1,3,10,0,1,1,10,NA,1,2,0,0,0,0,0,0,1,0,2,2,1,1,10,1,NA,10,4,2,13,1,0,1,1,5,0,1,1,0,1,0,1,5,10,0,0,1,0,0,0,0,1,1,1,1,1,1,1,0,0,0,0,0,0,0,0,0,NA,2,NA,0,0,3,3,10,0,1,1,0,1,0,1,1,0,0,1,0,1,0,0,NA,10,3,3,0,0,0,3,2,0,5,0,0,0,0,1,0,0,0,0,0,0,0,0,0,0,0,0,0,0,0,0,0,0,0,NA,1,20,10,VODW referred the members to the NRM and we are trying to communicate and follow up the first respondents.,0,"They are paying my tax, NI, holidays and I have breaks.","Not totally but the dog, he is bigger than me.",Yes,I hope the government re instate the rights of domestic workers.,1,3,NA,0,7898232165,7702580270,7453269828,7342175785,NA,NA,NA,NA,NA,NA,NA,7587395936,Wendelynaltavano36@gmail.com,NA
89,-1,25,0.345,0.045,0.09,0,0,0.045,0.09,0,0,0,0.045,0.03,0,1,0.345,1,0,NA,89,1,self-employed,Sham,berdulszanel@gmail.com,7882257569,0,3,3,1,Filipino,3,1,4,1,4,2,6,2,1,1,0,0,1,0,0,NA,2,3,0,0,3,0,1,NA,2,4,0,0,0,0,0,0,3,4,1,3,2,3,0,3,Poor because I can't go the day It suppose to be my day off.     Poor because every time the parents is away they don't care what ever time it is if they wanna call and chick there child they will call even it 3am in the morning.     Poor because they just payed me £450 a week while I am doing more than 60 hours a week of duty.    Poor because they teach their child to desrispict their workers.,0,5,1,15,1,1,1,3,0,0,0,1,0,1,0,0,30,0,1,1,0,0,0,0,0,1,0,1,1,0,1,1,1,1,0,0,0,0,0,0,0,NA,0,NA,0,1,0,1,0,0,3,0,0,1,0,0,0,0,1,1,0,0,0,0,NA,0,3,3,0,1,0,0,3,2,0,1,0,0,0,0,0,0,0,0,0,0,0,1,0,0,0,0,0,0,0,0,0,0,0,NA,1,10,10,Being protected,0,NA,NA,NA,NA,0,0,NA,1,NA,NA,NA,NA,NA,NA,NA,NA,NA,NA,NA,7882257569,berdulszanel@gmail.com,NA
11,68,3,0.3225,0.09,0,0.09,0,0,0,0.09,0,0,0.0225,0.03,0,1,0.3225,1,0,68,11,3,employee,Div,rkg202601@gmail.com,7443967338,0,2,0,1,Filipino,3,1,5,0,0,2,1,1,1,1,0,0,1,0,0,NA,0,0,0,0,0,0,0,NA,2,1,0,0,0,0,0,0,0,0,0,0,0,0,0,0,NA,0,4,1,15,1,1,0,3,0,1,1,1,1,3,3,3,0,0,0,0,0,1,0,0,1,0,0,0,0,0,0,0,0,0,0,0,0,0,0,0,0,NA,0,NA,0,0,0,0,0,0,3,1,0,0,0,0,0,0,0,0,0,0,0,0,NA,0,0,0,0,0,0,0,0,0,0,0,0,1,NA,0,0,0,0,0,0,0,0,0,0,0,0,0,0,0,0,0,0,0,0,NA,NA,NA,NA,NA,Hindi pa handa,NA,NA,NA,NA,0,0,NA,0,7496360730,7791725469,7721436159,7412862442,7581347573,7516792666,7703833520,7342369902,7721436123,7305810570,NA,7443967338,rkg202601@gmail.com,NA
49,-1,3,0.2625,0.045,0,0.045,0,0,0.09,0,0,0,0.0225,0.06,0,1,0.2625,1,0,NA,49,1,agency worker,Cheche,ritchel.vigente15@gmail.com,7940051235,0,1,3,1,Filipino,1,1,5,0,1,0,6,1,1,1,0,1,0,1,0,NA,2,2,1,2,2,1,1,NA,0,1,0,0,0,0,0,0,2,0,2,3,3,2,0,2,NA,0,4,1,13.5,1,1,1,3,0,1,1,1,1,0,2,2,1,0,0,1,1,2,0,0,0,1,1,0,0,0,0,0,0,0,0,0,0,0,0,0,0,NA,0,NA,0,0,2,3,0,0,3,0,0,1,0,1,0,1,0,1,0,1,0,0,NA,0,3,3,1,0,0,0,3,0,0,1,0,0,1,0,0,0,0,0,0,0,0,0,0,1,0,0,0,0,0,0,0,0,0,NA,NA,0,0,Often,0,Enough food,Overworked,NA,NA,1,1,NA,1,NA,NA,NA,NA,NA,NA,NA,NA,NA,NA,NA,7940051235,ritchel.vigente15@gmail.com,NA
69,93,3,0.615,0.045,0.09,0.09,0,0.09,0.09,0.09,0,0,0.09,0.03,0,1,0.615,1,0,93,69,2,self-employed,Babylet Cunanan Morales,cunananbabylet@gmail.com,7442257657,0,1,2,1,Filipino,1,1,6,0,1,0,3,0,1,1,0,1,1,1,1,"Paglalaba, Pagpapalantsa",2,2,0,2,2,1,1,NA,1,1,0,0,0,1,0,0,0,0,0,1,0,0,0,1,NA,0,4,0,10.45,1,1,1,3,0,0,0,0,0,2,0,0,30,3,0,1,1,0,0,0,0,0,1,1,1,0,1,0,0,0,0,0,0,0,0,0,0,NA,0,NA,0,0,0,2,3,0,3,0,1,1,0,0,1,1,1,1,1,0,1,0,NA,2,3,0,3,2,0,1,0,1,1,1,2,0,3,0,0,0,0,0,0,0,0,0,0,0,1,0,0,0,0,0,0,0,0,NA,3,2,KANLUNGAN,0,NA,Naglilinis habang nakikinig ng musika,Pagpupwersa sa trabaho,Full time with day off,NA,2,0,NA,0,7454990987,NA,NA,NA,NA,NA,NA,NA,NA,NA,NA,7442257657,Babyletcunanan209@gmail.com,NA
22,28,30,0.5925,0.09,0.09,0.045,0,0.09,0.09,0,0.09,0,0.0675,0.03,0,1,0.5925,1,0,28,22,2,employee,Sarah,Saharah1991@outlook.com,7340060681,0,4,3,1,Filipino,3,1,4,1,30,2,3,0,1,1,0,0,0,1,1,"Laising with the plumber, opening door. And more!",4,4,30,3,3,0,30,NA,0,2,0,0,0,2,2,0,3,0,1,2,1,0,25,4,Because i felt that i need to give all of my life to work or to have work,15,4,2,NA,1,1,2,2,3,0,1,0,0,0,0,2,0.12,2,1,0,1,1,0,0,0,1,0,1,1,0,1,1,0,0,0,0,0,0,0,0,0,NA,2,NA,1,0,2,2,20,0,3,0,1,1,0,0,1,0,1,0,0,0,1,0,NA,2,4,3,5,2,2,0,3,0,4,1,5,0,1,0,0,0,0,0,0,0,0,0,0,0,1,0,0,0,0,0,0,0,0,NA,0,0,NRM should be more friendly.,0,NA,"To have a proper visa where i can balance the work, family, and life.",The unflexible working hour,It motivates me if i could visit my family from my original country then comeback in Uk for work.,"I hope, UK government will grant to renew the Visa of  Migrants Domestic Worker so that they can balance thier life and work, to see thier family in a year atleast.",3,3,NA,0,NA,NA,NA,NA,NA,NA,NA,NA,NA,NA,NA,7340060681,Saharah1991@outlook.com,NA
55,-1,30,0.09,0,0,0.09,0,0,0,0,0,0,0,0,0,0,0.09,1,0,NA,55,1,self-employed,Cielo,speranzabt@yahoo.com,7539185071,0,4,0,1,Filipino,3,1,6,0,30,4,3,0,1,0,0,1,1,0,0,NA,1,0,12,0,1,2,12,NA,1,1,0,1,0,0,0,0,1,0,3,2,1,1,30,1,NA,30,4,1,9.5,1,0,0,3,3,1,1,1,1,3,3,3,0,2,0,1,1,0,0,0,0,1,0,0,0,0,0,0,0,0,0,0,0,0,0,0,0,NA,0,NA,1,0,3,3,3,0,2,1,0,1,0,1,0,1,0,1,0,1,0,0,NA,13,4,3,27,0,0,30,2,0,30,0,30,2,NA,0,0,0,0,0,0,0,0,0,0,0,0,0,0,0,0,0,0,0,1,NA,NA,NA,Malawakang pampublikong inpormasyon tungkol sa NRM at mas maintindihan kung paano ito gumana at paano ito makakatulong sa mga biktima ng pang-aabuso.,NA,NA,Magandang relasyon ng employer at kasambahay. Karapatang magpahayag ng saloobin.,Walang nakasulat na kontrata.,Nakasulat na kaayusan at kondisyon ng trabaho na pinagkaisahan naming dalawa ng employer.,Information leaflet kung saan nakasaad ang mga karapatan kong nagtatrabaho bilang kasambahay at may sapat na panahon upang pag-aralan at maintindohan ito bago pumirma ng kontrata.,0,1,NA,0,7949414536,7587205998,7831009330,7760933667,7502325412,7440369106,7405026930,7466451782,7471971603,7477656858,NA,7539185071,speranzabt@yahoo.com,NA
59,2,30,0.525,0.045,0,0.045,0,0,0.09,0.09,0.09,0.09,0.045,0.03,0,1,0.525,1,0,2,59,2,self-employed,Violet,violamanlangit04@gmail.com,7734259095,0,0,1,1,Filipino,3,1,6,1,6,2,2,0,1,1,1,1,1,1,1,Laundry and looking after the pet,3,2,5,3,3,1,5,NA,0,1,0,0,1,0,0,0,0,5,2,2,2,3,3,4,"Kpg ngholiday amo sa ibang lugar hindi willing magbayad while they are away pati overtime ala din,",3,4,3,15,0,1,1,2,5,1,1,1,1,3,2,2,1,0,0,1,0,0,0,0,1,1,1,0,1,0,1,0,0,1,0,0,0,0,0,0,0,NA,4,Refer by previous partime employer,0,1,2,4,3,0,3,1,0,1,0,0,0,0,1,1,0,1,0,1,NA,0,3,2,0,2,0,0,2,0,0,0,1,0,1,0,0,0,0,0,0,0,0,0,1,0,0,0,0,0,0,0,0,0,0,"Migrant Help but left me on the half way! And deny that Im not their clients, so I dont have case worker to follow -up my case.",5,0,Join Fdwa,0,NA,Flexible time,"Not divided tasks inside the work with other workers,not paying ot, not paying while they are away","Flexible time,good salary that covers public holidays payment,sick leave and overtime,breaktime , pay on time as decided together","Wag pasukan ang mga amo abusado at ayw mgbayad ng tama,ciguraduhin ang safety sa trabaho ng empleyado,bigyan ng proper breaktime.mgbigay ng notice ang amo bago mgplano ng mgbabakasyon cila di ka babayaran.  At mgkaroon ng sulat or dokumentary sa interview bago mgsimula sa work.",3,3,NA,1,NA,NA,NA,NA,NA,NA,NA,NA,NA,NA,NA,7734259095,violamanlangit04@gmail.com,Thank you very much!
50,-1,4,0,0,0,0,0,0,0,0,0,0,0,0,1,1,0,1,0,NA,50,1,agency worker,Muhdina guiamel,gmuhdina@gmail.com,07984 108642,0,0,3,1,Filipino,0,1,4,0,4,0,1,1,1,1,0,0,1,0,0,NA,1,1,0,4,1,2,0,NA,0,1,0,1,1,0,0,1,0,1,4,3,0,4,0,1,Because I know I do well,0,2,1,0,1,2,2,4,0,2,2,2,2,0,4,4,0,0,2,1,2,2,0,1,0,0,0,0,0,0,0,0,0,0,NA,0,0,1,0,0,0,NA,2,0,0,0,4,4,0,0,4,1,0,0,0,0,0,0,0,0,0,0,0,0,0,0,0,4,0,0,0,0,4,0,0,0,0,0,0,0,1,0,0,0,0,0,0,1,0,0,1,0,0,0,0,0,0,0,0,NA,NA,3,0,4,0,Happy,When they bring me in they shop to clean they're alone,NA,But everything for me it's fine,5,0,NA,0,0 7587 395936,0 7587 395936,0 7587 395936,0 7587 395936,0 7587 395936,NA,NA,NA,NA,NA,NA,07984 108642,gmuhdina@gmail.com,NA
61,-1,4,0.4425,0.09,0.09,0.045,0,0.045,0.09,0,0,0,0.0225,0.06,0,0,0.4425,1,0,NA,61,1,self-employed,Liza,lizabeltran34@yahoo.com,7470161297,0,4,1,1,Filipino,3,1,6,1,4,4,6,1,1,1,0,1,1,1,1,Pagplantsa,1,2,2,2,2,2,2,NA,0,1,0,0,1,1,4,0,0,0,2,2,1,2,4,1,10,10,4,1,14,1,1,1,3,5,0,0,1,0,0,0,1,5,5,0,0,1,0,0,0,1,1,1,0,0,0,1,0,0,0,0,0,0,0,0,0,0,NA,2,NA,0,0,2,2,2,0,3,1,0,1,0,1,0,0,0,1,0,1,0,0,NA,2,3,3,10,1,0,10,2,0,10,0,10,2,NA,0,0,0,0,0,0,0,0,1,0,0,0,0,0,0,0,0,0,0,0,NA,NA,NA,Kalayaan,NA,NA,NA,NA,NA,NA,3,3,NA,1,NA,NA,NA,NA,NA,NA,NA,NA,NA,NA,NA,7470161297,lizabeltran34@yahoo.com,NA
2,60,5,0.705,0.09,0.09,0.09,0,0.045,0.09,0,0.09,0.09,0.09,0.03,0,1,0.705,1,0,60,2,2,employee,MayaMay,myline.delacerna@gmail.com,7951841033,0,1,3,1,Filipino,2,1,6,0,1,0,1,0,1,1,1,0,0,0,1,"Car cleaner, Gardener",1,2,0,0,1,2,0,NA,4,1,1,3,1,1,1,0,0,0,2,2,2,2,0,1,NA,0,4,2,9.5,0,1,1,0,0,0,0,1,0,2,0,0,5,0,0,0,0,1,0,0,1,1,1,1,1,0,1,0,1,0,0,0,0,0,0,0,0,NA,1,NA,3,0,2,2,0,0,0,1,1,1,1,1,1,1,1,1,1,1,1,0,NA,0,4,3,0,2,0,0,3,1,0,0,0,0,0,0,0,0,0,0,0,0,0,1,1,0,1,0,0,0,0,0,0,0,0,NA,0,0,Kalayaan,0,NA,Cleaning the House,Car cleaner,Hinde alam,Hinde alam,4,1,NA,1,0,0,0,0,0,0,0,0,0,0,0,7951841033,myline.delacerna@gmail.com,Hinde alam
26,-1,5,0.615,0.09,0.09,0.09,0,0.045,0.09,0,0.09,0,0.09,0.03,1,0,0.615,1,0,NA,26,1,employee,May Belen Untalan,untalanmaybelen@gmail.com,7721634606,0,2,3,1,Filipino,3,1,6,0,5,0,3,2,1,1,0,1,1,1,0,NA,2,2,5,2,2,2,5,NA,0,1,2,4,4,0,4,4,0,2,0,3,2,0,5,3,I’ve been working more than 12 hours a day but I can’t complain because I’m a living In worker.,5,3,2,10.49,1,1,1,2,5,0,0,1,0,2,2,1,4,5,0,0,1,1,0,0,0,1,1,1,1,1,1,0,0,0,0,0,0,0,0,0,0,NA,0,NA,0,0,0,0,5,0,2,0,1,0,1,0,1,0,0,0,1,0,0,0,NA,5,3,3,0,2,0,1,2,2,0,0,0,2,NA,0,0,0,0,0,0,0,0,0,0,0,1,0,0,0,0,0,0,0,0,NA,NA,NA,NA,NA,NA,Earning for living here in UK and sending some for financial assistance for my family.,I am working more than 14 hours more for everyday and Saturday must be day off but still working a half day.,I didn’t sign the contract it’s because I want to work only 12 hours a day within 5 days and Saturday and Sunday is my days off.,I need some increase of my salary and bank holiday must includes our holiday and not a working day.,3,1,NA,1,NA,NA,NA,NA,NA,NA,NA,NA,NA,NA,NA,7721634606,untalanmaybelen@gmail.com,NA
28,35,5,0.39,0.045,0,0.045,0,0,0,0.09,0.09,0.09,0,0.03,1,0,0.39,1,0,35,28,2,employee,Bernadette ibabao,renzleigh22@gmail.com,7541509611,0,2,3,1,Filipino,1,1,6,0,0,0,1,1,1,0,0,0,0,0,0,NA,1,0,0,0,1,3,0,NA,1,1,1,1,1,1,1,1,0,1,3,1,1,1,0,1,NA,0,3,1,0,0,0,0,1,0,1,1,1,1,1,3,3,0,0,0,0,0,1,1,NA,0,0,0,0,0,0,0,0,0,0,NA,0,0,0,0,0,0,NA,0,NA,0,0,1,3,0,0,2,1,0,1,0,1,0,1,0,1,0,1,0,0,NA,0,4,0,0,0,0,0,3,0,0,0,0,2,NA,0,0,0,0,0,0,0,0,0,0,1,0,0,0,0,0,0,0,0,0,NA,NA,NA,NA,NA,NA,Being honest and paid well,Extra time,It defends on the situation,Thank you very,1,1,NA,0,7438102004,7383358818,7785220822,7712594760,7486465030,7585820828,7940051235,7888822330,7498400094,NA,NA,7541509611,renzleigh22@gmail.com,NA
41,55,5,0.7575,0.09,0.09,0.045,0,0.045,0.09,0.09,0.09,0.09,0.0675,0.06,1,0,0.7575,1,0,55,41,2,agency worker,Chargene,chargene86@gmail.com,7587205998,0,2,3,1,Filipino,1,1,4,0,3,0,3,1,1,1,1,0,1,0,0,NA,2,3,5,2,2,2,3,NA,0,2,0,0,0,0,0,0,0,0,2,2,2,3,2,2,NA,1,0,2,10.45,0,1,2,2,3,0,0,1,0,3,0,0,NA,5,2,0,0,2,0,1,0,0,0,0,0,0,0,0,0,0,NA,1,1,0,1,1,0,NA,0,NA,0,3,0,0,5,0,3,0,1,0,0,0,0,0,1,1,0,0,1,0,NA,3,4,0,6,3,1,6,2,3,7,1,7,2,NA,0,0,0,0,0,0,0,0,1,0,0,0,0,0,0,0,0,0,0,0,NA,NA,NA,Referral,NA,NA,NA,NA,NA,NA,1,1,NA,0,7949414536,7471979098,NA,NA,NA,NA,NA,NA,NA,NA,NA,7587205998,chargene86@gmail.com,NA
44,41,5,0.4875,0.045,0,0.045,0.09,0,0.09,0,0.09,0,0.0675,0.06,0,1,0.4875,1,0,41,44,3,agency worker,Gina Ros,gina85817@gmail.com,O7440369106,0,3,3,1,Filipino,1,1,6,0,0,0,2,0,1,1,0,0,0,0,0,NA,0,0,0,0,0,2,0,NA,0,0,0,0,0,0,0,0,0,0,3,0,0,2,0,0,Hnd po mahirap..,0,4,3,0,1,1,1,0,5,1,1,1,1,4,0,0,NA,5,0,0,0,2,0,1,0,0,0,0,0,0,0,0,0,0,NA,1,1,0,0,0,1,NA,0,NA,0,3,0,0,5,1,2,0,0,1,0,0,0,1,0,1,0,1,0,0,NA,0,4,4,0,2,0,0,2,0,5,0,0,0,0,1,1,0,0,0,0,0,0,1,0,0,0,0,0,0,0,0,0,0,0,NA,5,0,Na access ang NRM  sa tulong ng first  responder charity organization,0,NA,NA,NA,NA,NA,4,1,NA,1,NA,NA,NA,NA,NA,NA,NA,NA,NA,NA,NA,7440369106,gina85817@gmail .com,NA
63,55,5,0.6375,0.045,0.09,0.09,0,0.045,0.09,0,0.09,0.09,0.0675,0.03,1,0,0.6375,1,0,55,63,2,self-employed,Lorna G. Balansag,lornagorra@gmail.com,7471971603,0,2,2,1,Filipino,2,1,6,0,4,1,5,1,1,0,0,0,0,0,0,NA,1,0,3,2,2,2,3,NA,2,1,0,0,0,2,0,0,0,0,2,0,0,2,5,1,NA,3,2,1,9.4,0,0,0,2,3,0,0,1,0,2,2,1,NA,5,0,1,0,0,0,NA,1,1,1,1,1,1,1,0,0,0,0,0,0,0,0,0,0,NA,0,NA,0,1,2,2,5,0,0,1,1,1,1,1,1,1,1,1,1,1,0,0,NA,5,3,4,5,2,0,5,0,0,5,0,5,2,NA,1,0,0,0,0,0,0,0,1,0,0,1,0,0,0,0,0,0,0,0,NA,NA,NA,Phone call,NA,NA,NA,NA,NA,NA,1,0,NA,0,NA,NA,NA,NA,NA,NA,NA,NA,NA,NA,NA,7471971603,lornagorra@gmail.com,Gusto ko marinig ang hinaing naming mga domestic worker
66,61,5,0.51,0,0.09,0.09,0,0.045,0.09,0,0.09,0,0.045,0.06,0,0,0.51,1,0,61,66,2,self-employed,Sally,sallyreyes177@gmail.com,7487610879,0,4,3,1,Filipino,3,1,6,0,2,4,6,1,1,1,0,1,1,0,1,Pamamalantsa,1,0,1,2,2,2,2,NA,0,2,2,2,1,0,1,2,2,1,3,1,0,2,2,1,NA,1,5,2,13,1,1,0,0,1,0,1,1,0,2,0,2,0,2,0,1,1,0,0,0,0,1,0,1,0,0,1,0,0,1,0,0,0,0,0,0,0,NA,0,NA,3,2,4,2,2,0,3,1,0,0,0,0,0,0,0,1,0,0,0,0,NA,1,4,3,1,1,0,1,4,2,0,1,2,4,NA,0,0,0,0,0,0,0,0,0,0,0,0,0,0,0,0,0,0,0,0,NA,NA,NA,NA,NA,NA,We both flexible,NA,NA,NA,0,0,NA,0,NA,NA,NA,NA,NA,NA,NA,NA,NA,NA,NA,07487 6 10879,sallyreyes177@gmail.com,NA
68,9,5,0.3525,0.045,0,0.09,0,0,0,0,0.09,0,0.0675,0.06,1,0,0.3525,1,0,9,68,2,self-employed,Ubas,Kategineblazo@gmail.com,07311 361816,0,1,1,1,Filipino,3,1,5,0,3,0,0,0,0,0,1,0,0,0,0,NA,1,2,3,2,2,2,3,NA,2,2,0,2,0,2,0,0,2,0,2,2,2,2,3,1,NA,2,2,3,0,2,1,1,2,2,1,1,1,1,2,3,1,2,2,0,2,2,0,0,0,0,0,0,0,0,0,1,0,0,1,0,0,0,0,0,0,0,NA,0,NA,1,2,2,2,3,0,2,0,0,0,0,0,0,0,1,0,0,1,0,0,NA,0,3,3,0,4,1,0,2,2,0,1,0,2,NA,0,0,0,0,0,0,0,0,1,1,0,1,0,0,0,0,0,0,0,0,NA,NA,NA,Kalayaan,NA,NA,Food time,Utos ng utos,Nyutral,Kailangan  magtyaga sa trabaho para mabuhay lalu na nagmahal mga bilihin.,2,4,NA,1,NA,NA,NA,NA,NA,NA,NA,NA,NA,NA,NA,07311 361816,Kategineblazo@gmail.com,NA
88,-1,50,0.465,0,0.09,0.045,0,0.045,0,0,0.09,0.09,0.045,0.06,1,0,0.465,1,0,NA,88,1,self-employed,Yolly,ys309845@gmail.com,7979873900,0,3,0,1,Filipino,3,1,5,0,0,3,2,3,1,1,1,1,1,1,1,Yes o selected all because all of that is my tasks every day. I taking care not only for the kids also for their parents.,1,2,0,0,1,2,0,NA,1,1,0,0,1,0,0,0,2,0,3,0,0,3,0,1,NA,0,2,2,13,0,0,1,2,3,0,0,1,0,2,2,1,30,5,0,1,0,0,0,0,1,1,1,1,1,1,1,1,1,1,0,0,0,0,0,0,0,NA,4,Through friend,0,2,2,2,5,0,3,1,0,1,0,1,1,0,1,1,0,1,0,0,NA,0,3,3,0,0,0,0,0,0,0,0,0,2,NA,0,0,1,0,0,0,0,0,0,1,1,0,1,0,0,0,0,0,0,0,NA,NA,NA,NA,NA,NA,"Flexible, caring, loving, respectful, responsible and loyalty",Nothing,Yes,I enjoying my current work.,0,0,NA,0,3,NA,NA,NA,NA,NA,NA,NA,NA,NA,NA,7979873900,ys309845@gmail.com,Thank you for this opportunity to share my experiences about my job.
31,-1,6,0.3825,0.045,0,0.09,0,0,0,0,0.09,0,0.0675,0.09,1,1,0.3825,1,0,NA,31,1,employee,Rolyn muyco,Noknokmuyco@gmail.com,7903596203,0,3,3,1,Filipino,2,1,5,3,4,1,7,2,1,1,0,1,1,0,0,NA,2,3,2,1,2,2,2,NA,0,1,1,0,0,0,0,2,2,1,3,2,0,2,2,2,NA,1,1,2,0,1,1,1,2,0,1,1,1,1,3,3,3,0,1,1,0,0,1,1,NA,0,0,0,0,0,0,0,0,0,0,NA,0,0,0,0,0,0,NA,0,NA,0,2,0,1,2,0,3,0,0,1,0,1,0,0,0,1,0,1,0,0,NA,0,3,3,1,2,1,0,3,2,0,0,0,1,NA,0,0,0,0,0,0,0,0,0,0,0,0,0,0,0,0,0,0,0,0,NA,1,NA,NA,NA,For helping domestic workers for their rights,"Well my work is very nuetral,,i cant say theres anything like satisfaction",Not all  part of it but mostly,Yes if there is no additional aside from my usual chores,NA,2,2,NA,1,NA,NA,NA,NA,NA,NA,NA,NA,NA,NA,NA,7903596203,noknokmuyco@gmail.com,NA
94,-1,7,0.1875,0,0,0.045,0,0,0,0,0,0.09,0.0225,0.03,0,0,0.1875,1,0,NA,94,1,self-employed,itchie,aldrinvielr@gmail.com,07380 594298,0,1,0,1,Filipino,1,0,4,1,1,0,1,1,1,1,0,0,0,0,0,NA,2,1,0,2,2,2,0,NA,1,1,0,0,1,0,1,0,2,0,3,2,2,3,3,2,NA,0,4,1,10,0,1,0,3,0,1,1,1,1,3,3,3,NA,3,0,1,1,0,0,0,0,0,0,0,0,1,1,0,0,0,0,0,0,0,0,0,0,NA,0,NA,0,1,1,3,0,0,0,0,0,0,0,0,0,1,0,1,0,0,0,0,NA,0,3,3,0,1,0,0,2,1,0,0,3,3,NA,0,0,0,0,0,0,0,0,0,0,0,0,0,0,0,0,0,0,0,0,NA,NA,NA,NA,NA,NA,none,none,none,n/a,2,1,NA,0,7456910313,NA,NA,NA,NA,NA,NA,NA,NA,NA,NA,7380594298,aldrinvielr@gmail.com,NA
91,56,8,0.195,0,0,0.045,0,0,0,0,0.09,0,0,0.06,0,0,0.195,1,0,56,91,2,self-employed,Marlyn Valencia,brenddy2019@gmail.com,7387315991,0,4,2,1,Asian,3,1,6,0,0,2,1,0,1,0,0,0,0,0,0,NA,0,0,1,0,1,2,1,NA,1,1,1,1,1,1,1,1,2,1,3,2,0,2,1,1,"I don't know, sorry",1,4,1,11,1,2,2,2,1,1,1,1,1,4,3,3,0,1,2,1,1,0,0,0,0,1,0,0,0,0,0,0,0,0,0,0,0,0,0,0,2,NA,1,NA,0,2,2,3,1,0,2,1,0,1,0,1,0,1,0,1,0,0,0,0,NA,1,3,3,1,0,0,1,4,0,1,0,1,4,NA,0,0,0,0,0,0,0,0,0,0,0,0,0,0,0,0,0,0,0,0,NA,NA,NA,NA,NA,NA,"I'm satisfied with my job ,, the children are happy working with them",Nothing,Nothing,Thank you and be happy,0,0,NA,0,7511688795,7767485864,7490730387,7921924817,7425828457,7792217182,7533153560,7587974830,7704346697,7458696868,NA,7387315991,brenddy2019@gmail.com,"Thank you for the care ,,"
58,-1,9,0.1575,0,0,0.045,0,0,0,0,0.09,0,0.0225,0,0,0,0.1575,1,0,NA,58,1,self-employed,Nina,bijou00bijou@yahoo.co.uk,7983414215,0,3,0,1,Filipino,3,1,6,1,3,1,1,0,1,1,0,0,0,0,0,NA,3,2,0,1,2,2,3,NA,0,2,0,1,1,0,0,0,3,0,3,2,1,3,0,2,NA,0,4,1,9.5,1,1,0,2,1,1,1,1,1,3,3,3,0,0,0,1,1,0,0,0,0,1,0,0,1,0,1,1,0,1,0,0,0,0,0,0,0,NA,0,NA,1,0,3,3,2,0,3,1,0,1,0,1,0,0,0,1,0,1,0,0,NA,0,3,3,0,1,0,0,1,1,0,0,3,2,NA,0,0,0,0,0,0,0,0,0,0,0,1,0,0,0,0,0,0,0,0,NA,NA,NA,Lumapit sa mga first responders gaya ng kalayaan o pulisya,NA,NA,Mapagaan ang buhay ng aking pinagtatrabahuhan at kumita ng sapat para pangtustos sa mga bayarin,Trabahong pisikal na nakapapagod; na hindi ako nakakatanggap ng mga benepisyong inilalaan sa mga ordinaryong empleyado,Ididisenyo ko ito sa paraan na ako ay makatatanggap ng sahod na akma sa cost of living at makatatanggap ng mga benepisyong nararapat sa mga ordinaryong empleyado,Kailangan ng mga batas na mas magbibigay ng mas maraming proteksyon sa mga manggagawang kasambahay laban sa pang-aabuso ng mga employer; pagkilala sa trabahong pangkasambahay bilang trabahong legal at nararapat tumanggap ng mga benepisyong binibigay sa mga ordinaryong empleyado at ibalik ang concession na magbibigay ng pathway to settlement para sa mga kasambahay na dinala sa bansang ito ng kanilang mga employer,1,3,NA,1,NA,NA,NA,NA,NA,NA,NA,NA,NA,NA,NA,7983414215,bijou00bijou@yahoo.co.uk,NA